0.000000000000000000e+00,0.000000000000000000e+00,-0.000000000000000000e+00
2.500000000000000120e-05,3.960100000000000252e-04,-2.500000000000000120e-05
1.000000000000000048e-04,1.568160000000000083e-03,-1.000000000000000048e-04
2.249999999999999938e-04,3.492809999999999838e-03,-2.249999999999999938e-04
4.000000000000000192e-04,6.146560000000000565e-03,-4.000000000000000192e-04
6.250000000000001214e-04,9.506250000000000810e-03,-6.250000000000001214e-04
8.999999999999999754e-04,1.354895999999999878e-02,-8.999999999999999754e-04
1.225000000000000177e-03,1.825201000000000254e-02,-1.225000000000000177e-03
1.600000000000000077e-03,2.359295999999999963e-02,-1.600000000000000077e-03
2.024999999999999890e-03,2.954961000000000046e-02,-2.024999999999999890e-03
2.500000000000000486e-03,3.610000000000000708e-02,-2.500000000000000486e-03
3.024999999999999911e-03,4.322240999999999583e-02,-3.024999999999999911e-03
3.599999999999999901e-03,5.089535999999999366e-02,-3.599999999999999901e-03
4.225000000000000457e-03,5.909761000000000181e-02,-4.225000000000000457e-03
4.900000000000000709e-03,6.780816000000000621e-02,-4.900000000000000709e-03
5.624999999999999792e-03,7.700624999999999831e-02,-5.624999999999999792e-03
6.400000000000000307e-03,8.667136000000000284e-02,-6.400000000000000307e-03
7.225000000000001386e-03,9.678321000000002228e-02,-7.225000000000001386e-03
8.099999999999999561e-03,1.073217599999999883e-01,-8.099999999999999561e-03
9.025000000000000036e-03,1.182672099999999976e-01,-9.025000000000000036e-03
1.000000000000000194e-02,1.296000000000000207e-01,-1.000000000000000194e-02
1.102499999999999834e-02,1.413008099999999712e-01,-1.102499999999999834e-02
1.209999999999999964e-02,1.533505599999999969e-01,-1.209999999999999964e-02
1.322500000000000064e-02,1.657304100000000224e-01,-1.322500000000000064e-02
1.439999999999999961e-02,1.784217600000000126e-01,-1.439999999999999961e-02
1.562500000000000000e-02,1.914062500000000000e-01,-1.562500000000000000e-02
1.690000000000000183e-02,2.046657600000000299e-01,-1.690000000000000183e-02
1.822500000000000162e-02,2.181824099999999933e-01,-1.822500000000000162e-02
1.960000000000000284e-02,2.319385600000000158e-01,-1.960000000000000284e-02
2.102499999999999855e-02,2.459168099999999857e-01,-2.102499999999999855e-02
2.249999999999999917e-02,2.600999999999999979e-01,-2.249999999999999917e-02
2.402500000000000122e-02,2.744712100000000210e-01,-2.402500000000000122e-02
2.560000000000000123e-02,2.890137600000000084e-01,-2.560000000000000123e-02
2.722500000000000267e-02,3.037112100000000092e-01,-2.722500000000000267e-02
2.890000000000000555e-02,3.185473600000000571e-01,-2.890000000000000555e-02
3.062500000000000638e-02,3.335062500000000596e-01,-3.062500000000000638e-02
3.239999999999999825e-02,3.485721599999999643e-01,-3.239999999999999825e-02
3.422499999999999848e-02,3.637296099999999810e-01,-3.422499999999999848e-02
3.610000000000000014e-02,3.789633599999999714e-01,-3.610000000000000014e-02
3.802500000000000324e-02,3.942584100000000036e-01,-3.802500000000000324e-02
4.000000000000000777e-02,4.096000000000000751e-01,-4.000000000000000777e-02
4.202500000000000679e-02,4.249736100000000572e-01,-4.202500000000000679e-02
4.409999999999999337e-02,4.403649599999999165e-01,-4.409999999999999337e-02
4.622499999999999526e-02,4.557600099999999377e-01,-4.622499999999999526e-02
4.839999999999999858e-02,4.711449600000000015e-01,-4.839999999999999858e-02
5.062500000000000333e-02,4.865062500000000290e-01,-5.062500000000000333e-02
5.290000000000000258e-02,5.018305600000000366e-01,-5.290000000000000258e-02
5.522500000000001019e-02,5.171048100000000813e-01,-5.522500000000001019e-02
5.759999999999999842e-02,5.323161600000000382e-01,-5.759999999999999842e-02
6.002499999999999503e-02,5.474520099999999889e-01,-6.002499999999999503e-02
6.250000000000000000e-02,5.625000000000000000e-01,-6.250000000000000000e-02
6.502499999999999947e-02,5.774480099999999005e-01,-6.502499999999999947e-02
6.760000000000000731e-02,5.922841600000000595e-01,-6.760000000000000731e-02
7.022500000000000964e-02,6.069968100000001643e-01,-7.022500000000000964e-02
7.290000000000000646e-02,6.215745599999999982e-01,-7.290000000000000646e-02
7.562500000000001166e-02,6.360062499999999952e-01,-7.562500000000001166e-02
7.840000000000001135e-02,6.502809600000000190e-01,-7.840000000000001135e-02
8.122500000000001941e-02,6.643880100000001399e-01,-8.122500000000001941e-02
8.409999999999999420e-02,6.783169600000000798e-01,-8.409999999999999420e-02
8.702499999999999125e-02,6.920576099999998787e-01,-8.702499999999999125e-02
8.999999999999999667e-02,7.056000000000000050e-01,-8.999999999999999667e-02
9.302499999999999658e-02,7.189344099999999127e-01,-9.302499999999999658e-02
9.610000000000000486e-02,7.320513600000001508e-01,-9.610000000000000486e-02
9.922500000000000764e-02,7.449416100000000318e-01,-9.922500000000000764e-02
1.024000000000000049e-01,7.575961599999998519e-01,-1.024000000000000049e-01
1.056250000000000105e-01,7.700062500000002252e-01,-1.056250000000000105e-01
1.089000000000000107e-01,7.821633600000000852e-01,-1.089000000000000107e-01
1.122250000000000192e-01,7.940592100000001263e-01,-1.122250000000000192e-01
1.156000000000000222e-01,8.056857600000002506e-01,-1.156000000000000222e-01
1.190250000000000197e-01,8.170352100000000117e-01,-1.190250000000000197e-01
1.225000000000000255e-01,8.281000000000001693e-01,-1.225000000000000255e-01
1.260249999999999981e-01,8.388728100000002463e-01,-1.260249999999999981e-01
1.295999999999999930e-01,8.493465599999999727e-01,-1.295999999999999930e-01
1.332249999999999823e-01,8.595144099999998399e-01,-1.332249999999999823e-01
1.368999999999999939e-01,8.693697599999999914e-01,-1.368999999999999939e-01
1.406250000000000000e-01,8.789062500000000000e-01,-1.406250000000000000e-01
1.444000000000000006e-01,8.881177599999998673e-01,-1.444000000000000006e-01
1.482249999999999956e-01,8.969984099999999128e-01,-1.482249999999999956e-01
1.521000000000000130e-01,9.055425600000002184e-01,-1.521000000000000130e-01
1.560250000000000248e-01,9.137448100000002960e-01,-1.560250000000000248e-01
1.600000000000000311e-01,9.216000000000000858e-01,-1.600000000000000311e-01
1.640250000000000319e-01,9.291032100000004013e-01,-1.640250000000000319e-01
1.681000000000000272e-01,9.362497600000002640e-01,-1.681000000000000272e-01
1.722250000000000170e-01,9.430352099999997906e-01,-1.722250000000000170e-01
1.763999999999999735e-01,9.494553599999999705e-01,-1.763999999999999735e-01
1.806249999999999800e-01,9.555062499999998904e-01,-1.806249999999999800e-01
1.848999999999999810e-01,9.611841599999998431e-01,-1.848999999999999810e-01
1.892250000000000043e-01,9.664856100000002170e-01,-1.892250000000000043e-01
1.935999999999999943e-01,9.714073600000000530e-01,-1.935999999999999943e-01
1.980250000000000066e-01,9.759464099999998199e-01,-1.980250000000000066e-01
2.025000000000000133e-01,9.800999999999998602e-01,-2.025000000000000133e-01
2.070250000000000146e-01,9.838656099999999460e-01,-2.070250000000000146e-01
2.116000000000000103e-01,9.872409600000000562e-01,-2.116000000000000103e-01
2.162250000000000283e-01,9.902240100000002654e-01,-2.162250000000000283e-01
2.209000000000000408e-01,9.928129600000004107e-01,-2.209000000000000408e-01
2.256250000000000200e-01,9.950062499999996479e-01,-2.256250000000000200e-01
2.303999999999999937e-01,9.968025600000003372e-01,-2.303999999999999937e-01
2.352249999999999897e-01,9.982008099999999384e-01,-2.352249999999999897e-01
2.400999999999999801e-01,9.992001599999998929e-01,-2.400999999999999801e-01
2.450249999999999928e-01,9.998000099999997392e-01,-2.450249999999999928e-01
2.500000000000000000e-01,1.000000000000000000e+00,-2.500000000000000000e-01
2.550250000000000017e-01,9.998000099999995172e-01,-2.550250000000000017e-01
2.600999999999999979e-01,9.992001599999993378e-01,-2.600999999999999979e-01
2.652249999999999885e-01,9.982008099999999384e-01,-2.652249999999999885e-01
2.704000000000000292e-01,9.968025600000003372e-01,-2.704000000000000292e-01
2.756250000000000089e-01,9.950062499999998700e-01,-2.756250000000000089e-01
2.809000000000000385e-01,9.928129600000006327e-01,-2.809000000000000385e-01
2.862250000000000072e-01,9.902240099999999323e-01,-2.862250000000000072e-01
2.916000000000000258e-01,9.872409600000000562e-01,-2.916000000000000258e-01
2.970250000000000390e-01,9.838656100000002791e-01,-2.970250000000000390e-01
3.025000000000000466e-01,9.800999999999995271e-01,-3.025000000000000466e-01
3.080250000000000488e-01,9.759464100000001530e-01,-3.080250000000000488e-01
3.136000000000000454e-01,9.714073599999997199e-01,-3.136000000000000454e-01
3.192250000000000920e-01,9.664856099999998840e-01,-3.192250000000000920e-01
3.249000000000000776e-01,9.611841600000003982e-01,-3.249000000000000776e-01
3.306250000000000577e-01,9.555062500000000014e-01,-3.306250000000000577e-01
3.363999999999999768e-01,9.494553600000006366e-01,-3.363999999999999768e-01
3.422249999999999459e-01,9.430352099999996796e-01,-3.422249999999999459e-01
3.480999999999999650e-01,9.362497599999997089e-01,-3.480999999999999650e-01
3.540249999999999786e-01,9.291032100000000682e-01,-3.540249999999999786e-01
3.599999999999999867e-01,9.216000000000006409e-01,-3.599999999999999867e-01
3.660249999999999893e-01,9.137448099999998519e-01,-3.660249999999999893e-01
3.720999999999999863e-01,9.055425599999997743e-01,-3.720999999999999863e-01
3.782249999999999779e-01,8.969984100000001348e-01,-3.782249999999999779e-01
3.844000000000000195e-01,8.881177600000005334e-01,-3.844000000000000195e-01
3.906250000000000000e-01,8.789062500000000000e-01,-3.906250000000000000e-01
3.969000000000000306e-01,8.693697600000001025e-01,-3.969000000000000306e-01
4.032250000000000001e-01,8.595144099999991738e-01,-4.032250000000000001e-01
4.096000000000000196e-01,8.493465599999989735e-01,-4.096000000000000196e-01
4.160250000000000337e-01,8.388728099999998022e-01,-4.160250000000000337e-01
4.225000000000000422e-01,8.281000000000009464e-01,-4.225000000000000422e-01
4.290250000000000452e-01,8.170352100000011220e-01,-4.290250000000000452e-01
4.356000000000000427e-01,8.056857600000002506e-01,-4.356000000000000427e-01
4.422250000000000347e-01,7.940592099999990161e-01,-4.422250000000000347e-01
4.489000000000000767e-01,7.821633600000001962e-01,-4.489000000000000767e-01
4.556250000000000577e-01,7.700062500000002252e-01,-4.556250000000000577e-01
4.624000000000000887e-01,7.575961600000011842e-01,-4.624000000000000887e-01
4.692250000000000587e-01,7.449416099999992547e-01,-4.692250000000000587e-01
4.761000000000000787e-01,7.320513599999989296e-01,-4.761000000000000787e-01
4.830250000000000932e-01,7.189344099999992466e-01,-4.830250000000000932e-01
4.900000000000001021e-01,7.056000000000004491e-01,-4.900000000000001021e-01
4.970249999999999391e-01,6.920576099999991015e-01,-4.970249999999999391e-01
5.040999999999999925e-01,6.783169600000018562e-01,-5.040999999999999925e-01
5.112249999999999295e-01,6.643880099999996958e-01,-5.112249999999999295e-01
5.183999999999999719e-01,6.502809599999999080e-01,-5.183999999999999719e-01
5.256250000000000089e-01,6.360062500000003283e-01,-5.256250000000000089e-01
5.328999999999999293e-01,6.215745599999999982e-01,-5.328999999999999293e-01
5.402249999999999552e-01,6.069968099999991651e-01,-5.402249999999999552e-01
5.475999999999999757e-01,5.922841600000001705e-01,-5.475999999999999757e-01
5.550249999999999906e-01,5.774480100000003446e-01,-5.550249999999999906e-01
5.625000000000000000e-01,5.625000000000000000e-01,-5.625000000000000000e-01
5.700250000000000039e-01,5.474520100000006551e-01,-5.700250000000000039e-01
5.776000000000000023e-01,5.323161599999988169e-01,-5.776000000000000023e-01
5.852249999999999952e-01,5.171048099999993042e-01,-5.852249999999999952e-01
5.928999999999999826e-01,5.018305599999992594e-01,-5.928999999999999826e-01
6.006250000000000755e-01,4.865062499999996959e-01,-6.006250000000000755e-01
6.084000000000000519e-01,4.711449600000010562e-01,-6.084000000000000519e-01
6.162250000000000227e-01,4.557600100000005483e-01,-6.162250000000000227e-01
6.241000000000000991e-01,4.403649600000010267e-01,-6.241000000000000991e-01
6.320250000000000590e-01,4.249736099999985584e-01,-6.320250000000000590e-01
6.400000000000001243e-01,4.095999999999992980e-01,-6.400000000000001243e-01
6.480250000000000732e-01,3.942584099999981717e-01,-6.480250000000000732e-01
6.561000000000001275e-01,3.789633600000019698e-01,-6.561000000000001275e-01
6.642250000000000654e-01,3.637296100000009247e-01,-6.642250000000000654e-01
6.724000000000001087e-01,3.485721600000015741e-01,-6.724000000000001087e-01
6.806250000000001465e-01,3.335062499999992269e-01,-6.806250000000001465e-01
6.889000000000000679e-01,3.185473599999983918e-01,-6.889000000000000679e-01
6.972249999999999837e-01,3.037112100000021186e-01,-6.972249999999999837e-01
7.055999999999998940e-01,2.890137600000004525e-01,-7.055999999999998940e-01
7.140249999999999098e-01,2.744712099999979671e-01,-7.140249999999999098e-01
7.224999999999999201e-01,2.600999999999995538e-01,-7.224999999999999201e-01
7.310249999999999249e-01,2.459168100000006518e-01,-7.310249999999999249e-01
7.395999999999999241e-01,2.319385599999996828e-01,-7.395999999999999241e-01
7.482250000000000290e-01,2.181824100000024913e-01,-7.482250000000000290e-01
7.569000000000000172e-01,2.046657600000010291e-01,-7.569000000000000172e-01
7.656250000000000000e-01,1.914062500000000000e-01,-7.656250000000000000e-01
7.743999999999999773e-01,1.784217600000008730e-01,-7.743999999999999773e-01
7.832250000000000600e-01,1.657304100000001057e-01,-7.832250000000000600e-01
7.921000000000000263e-01,1.533505599999980262e-01,-7.921000000000000263e-01
8.010249999999999870e-01,1.413008099999988332e-01,-8.010249999999999870e-01
8.100000000000000533e-01,1.295999999999981611e-01,-8.100000000000000533e-01
8.190250000000000030e-01,1.182672099999972914e-01,-8.190250000000000030e-01
8.281000000000000583e-01,1.073217599999995997e-01,-8.281000000000000583e-01
8.372250000000001080e-01,9.678320999999989738e-02,-8.372250000000001080e-01
8.464000000000000412e-01,8.667136000000041918e-02,-8.464000000000000412e-01
8.556250000000000799e-01,7.700625000000016485e-02,-8.556250000000000799e-01
8.649000000000001132e-01,6.780816000000200461e-02,-8.649000000000001132e-01
8.742250000000001409e-01,5.909760999999846831e-02,-8.742250000000001409e-01
8.836000000000001631e-01,5.089536000000194349e-02,-8.836000000000001631e-01
8.930250000000000687e-01,4.322240999999849009e-02,-8.930250000000000687e-01
9.025000000000000799e-01,3.609999999999757847e-02,-9.025000000000000799e-01
9.120250000000000856e-01,2.954961000000011495e-02,-9.120250000000000856e-01
9.215999999999999748e-01,2.359296000000199456e-02,-9.215999999999999748e-01
9.312249999999999694e-01,1.825201000000120644e-02,-9.312249999999999694e-01
9.408999999999999586e-01,1.354895999999961020e-02,-9.408999999999999586e-01
9.506249999999999423e-01,9.506249999999383249e-03,-9.506249999999999423e-01
9.603999999999999204e-01,6.146559999999468005e-03,-9.603999999999999204e-01
9.702250000000000041e-01,3.492810000002677384e-03,-9.702250000000000041e-01
9.800999999999999712e-01,1.568159999997931209e-03,-9.800999999999999712e-01
9.900250000000000439e-01,3.960099999993360598e-04,-9.900250000000000439e-01
1.000000000000000000e+00,0.000000000000000000e+00,-1.000000000000000000e+00
