-8.750008161646120192e-03,-1.042707378837396678e-04,-3.880645276370156549e-02,-2.362996180531966566e-03,-5.404730257114588685e-04,-9.443047023439959595e-03,-6.040631783094715240e-04,-1.732837554067492934e-04,-2.348578735050676179e-03,0.000000000000000000e+00,0.000000000000000000e+00,0.000000000000000000e+00,0.000000000000000000e+00,0.000000000000000000e+00,0.000000000000000000e+00,0.000000000000000000e+00,0.000000000000000000e+00,0.000000000000000000e+00
-8.198688923463846173e-03,7.398380155673158799e-03,-3.949328333824386750e-02,-2.062712019789253101e-03,3.832728014803549535e-03,-9.764623314518085240e-03,-4.496575617090359006e-04,2.170081416261500449e-03,-2.505859542155523204e-03,0.000000000000000000e+00,0.000000000000000000e+00,0.000000000000000000e+00,0.000000000000000000e+00,0.000000000000000000e+00,0.000000000000000000e+00,0.000000000000000000e+00,0.000000000000000000e+00,0.000000000000000000e+00
-7.647369685281571287e-03,1.490103104923006828e-02,-4.018011391278616951e-02,-1.762427859046539853e-03,8.205929055318559456e-03,-1.008619960559621435e-02,-2.952519451086004399e-04,4.513446587929749107e-03,-2.663140349260369362e-03,0.000000000000000000e+00,0.000000000000000000e+00,0.000000000000000000e+00,0.000000000000000000e+00,0.000000000000000000e+00,0.000000000000000000e+00,0.000000000000000000e+00,0.000000000000000000e+00,0.000000000000000000e+00
-7.096050447099299004e-03,2.240368194278696823e-02,-4.086694448732848539e-02,-1.462143698303826171e-03,1.257913009583356417e-02,-1.040777589667434000e-02,-1.408463285081647893e-04,6.856811759597998199e-03,-2.820421156365215953e-03,0.000000000000000000e+00,0.000000000000000000e+00,0.000000000000000000e+00,0.000000000000000000e+00,0.000000000000000000e+00,0.000000000000000000e+00,0.000000000000000000e+00,0.000000000000000000e+00,0.000000000000000000e+00
-6.544731208917024985e-03,2.990633283634387685e-02,-4.155377506187079434e-02,-1.161859537561113357e-03,1.695233113634857236e-02,-1.072935218775246738e-02,1.355928809227086116e-05,9.200176931266249025e-03,-2.977701963470062111e-03,0.000000000000000000e+00,0.000000000000000000e+00,0.000000000000000000e+00,0.000000000000000000e+00,0.000000000000000000e+00,0.000000000000000000e+00,0.000000000000000000e+00,0.000000000000000000e+00,0.000000000000000000e+00
-5.993411970734750967e-03,3.740898372990077159e-02,-4.224060563641310329e-02,-8.615753768183994580e-04,2.132553217686358055e-02,-1.105092847883059476e-02,1.679649046927064575e-04,1.154354210293449985e-02,-3.134982770574909136e-03,0.000000000000000000e+00,0.000000000000000000e+00,0.000000000000000000e+00,0.000000000000000000e+00,0.000000000000000000e+00,0.000000000000000000e+00,0.000000000000000000e+00,0.000000000000000000e+00,0.000000000000000000e+00
-5.442092732552476081e-03,4.491163462345767327e-02,-4.292743621095539835e-02,-5.612912160756864267e-04,2.569873321737858873e-02,-1.137250476990872214e-02,3.223705212931420538e-04,1.388690727460274894e-02,-3.292263577679755294e-03,0.000000000000000000e+00,0.000000000000000000e+00,0.000000000000000000e+00,0.000000000000000000e+00,0.000000000000000000e+00,0.000000000000000000e+00,0.000000000000000000e+00,0.000000000000000000e+00,0.000000000000000000e+00
-4.890773494370202062e-03,5.241428551701458188e-02,-4.361426678549770730e-02,-2.610070553329726364e-04,3.007193425789359692e-02,-1.169408106098684952e-02,7.091306499119440134e-04,1.929985942739556939e-02,-3.685943429551128726e-03,0.000000000000000000e+00,0.000000000000000000e+00,0.000000000000000000e+00,0.000000000000000000e+00,0.000000000000000000e+00,0.000000000000000000e+00,0.000000000000000000e+00,0.000000000000000000e+00,0.000000000000000000e+00
-4.339454256187928044e-03,5.991693641057147662e-02,-4.430109736004000931e-02,3.927710540974061176e-05,3.444513529840860511e-02,-1.201565735206497343e-02,1.173342282536867344e-03,2.573600724056323424e-02,-4.158422963011342705e-03,0.000000000000000000e+00,0.000000000000000000e+00,0.000000000000000000e+00,0.000000000000000000e+00,0.000000000000000000e+00,0.000000000000000000e+00,0.000000000000000000e+00,0.000000000000000000e+00,0.000000000000000000e+00
-3.788135018005654026e-03,6.741958730412837830e-02,-4.498792793458231132e-02,3.395612661524540768e-04,3.881833633892361329e-02,-1.233723364314310081e-02,1.637553915161790458e-03,3.217215505373090256e-02,-4.630902496471556683e-03,0.000000000000000000e+00,0.000000000000000000e+00,0.000000000000000000e+00,0.000000000000000000e+00,0.000000000000000000e+00,0.000000000000000000e+00,0.000000000000000000e+00,0.000000000000000000e+00,0.000000000000000000e+00
-3.236815779823379573e-03,7.492223819768528692e-02,-4.567475850912461333e-02,6.398454268951676502e-04,4.319153737943862148e-02,-1.265880993422122992e-02,2.101765547786714657e-03,3.860830286689858476e-02,-5.103382029931772396e-03,0.000000000000000000e+00,0.000000000000000000e+00,0.000000000000000000e+00,0.000000000000000000e+00,0.000000000000000000e+00,0.000000000000000000e+00,0.000000000000000000e+00,0.000000000000000000e+00,0.000000000000000000e+00
-2.685496541641105555e-03,8.242488909124219554e-02,-4.636158908366692921e-02,9.401295876378807899e-04,4.756473841995362967e-02,-1.298038622529935557e-02,2.565977180411637987e-03,4.504445068006625308e-02,-5.575861563391986374e-03,0.000000000000000000e+00,0.000000000000000000e+00,0.000000000000000000e+00,0.000000000000000000e+00,0.000000000000000000e+00,0.000000000000000000e+00,0.000000000000000000e+00,0.000000000000000000e+00,0.000000000000000000e+00
-2.134177303458832404e-03,8.992753998479909028e-02,-4.704841965820923122e-02,1.240413748380594363e-03,5.193793946046863785e-02,-1.330196251637748295e-02,3.030188813036561318e-03,5.148059849323392140e-02,-6.048341096852201219e-03,0.000000000000000000e+00,0.000000000000000000e+00,0.000000000000000000e+00,0.000000000000000000e+00,0.000000000000000000e+00,0.000000000000000000e+00,0.000000000000000000e+00,0.000000000000000000e+00,0.000000000000000000e+00
-1.582858065276558385e-03,9.743019087835598502e-02,-4.773525023275153323e-02,1.844182322196425122e-03,5.956346455675301521e-02,-1.394515718364142814e-02,3.649494187940888201e-03,5.953917120255416973e-02,-6.678246891558160293e-03,0.000000000000000000e+00,0.000000000000000000e+00,0.000000000000000000e+00,0.000000000000000000e+00,0.000000000000000000e+00,0.000000000000000000e+00,0.000000000000000000e+00,0.000000000000000000e+00,0.000000000000000000e+00
-1.031538827094283933e-03,1.049328417719129075e-01,-4.842208080729383524e-02,2.751435309085373607e-03,7.044131370880678256e-02,-1.490997022709119116e-02,4.423893305124617335e-03,6.922016880802699113e-02,-7.465578947509864463e-03,0.000000000000000000e+00,0.000000000000000000e+00,0.000000000000000000e+00,0.000000000000000000e+00,0.000000000000000000e+00,0.000000000000000000e+00,0.000000000000000000e+00,0.000000000000000000e+00,0.000000000000000000e+00
-4.802195889120099148e-04,1.124354926654697884e-01,-4.910891138183614418e-02,3.658688295974319923e-03,8.131916286086049439e-02,-1.587478327054095417e-02,5.198292422308344735e-03,7.890116641349978477e-02,-8.252911003461567765e-03,0.000000000000000000e+00,0.000000000000000000e+00,0.000000000000000000e+00,0.000000000000000000e+00,0.000000000000000000e+00,0.000000000000000000e+00,0.000000000000000000e+00,0.000000000000000000e+00,0.000000000000000000e+00
7.109964927026410364e-05,1.199381435590266970e-01,-4.979574195637845313e-02,4.565941282863267975e-03,9.219701201291424786e-02,-1.683959631399071372e-02,5.972691539492073869e-03,8.858216401897260617e-02,-9.040243059413272803e-03,0.000000000000000000e+00,0.000000000000000000e+00,0.000000000000000000e+00,0.000000000000000000e+00,0.000000000000000000e+00,0.000000000000000000e+00,0.000000000000000000e+00,0.000000000000000000e+00,0.000000000000000000e+00
6.224188874525389895e-04,1.274407944525836056e-01,-5.048257253092075514e-02,5.473194269752216026e-03,1.030748611649680013e-01,-1.780440935744048020e-02,6.747090656675803003e-03,9.826316162444542757e-02,-9.827575115364976105e-03,0.000000000000000000e+00,0.000000000000000000e+00,0.000000000000000000e+00,0.000000000000000000e+00,0.000000000000000000e+00,0.000000000000000000e+00,0.000000000000000000e+00,0.000000000000000000e+00,0.000000000000000000e+00
1.173738125634811707e-03,1.349434453461405004e-01,-5.116940310546305715e-02,6.380447256641162343e-03,1.139527103170217270e-01,-1.876922240089023974e-02,7.521489773859530402e-03,1.079441592299182073e-01,-1.061490717131667767e-02,0.000000000000000000e+00,0.000000000000000000e+00,0.000000000000000000e+00,0.000000000000000000e+00,0.000000000000000000e+00,0.000000000000000000e+00,0.000000000000000000e+00,0.000000000000000000e+00,0.000000000000000000e+00
1.725057363817085725e-03,1.424460962396974228e-01,-5.185623368000537303e-02,7.287700243530110394e-03,1.248305594690754805e-01,-1.973403544434000623e-02,8.373538815332350060e-03,1.182389181730376521e-01,-1.148085741349486391e-02,0.000000000000000000e+00,0.000000000000000000e+00,0.000000000000000000e+00,0.000000000000000000e+00,0.000000000000000000e+00,0.000000000000000000e+00,0.000000000000000000e+00,0.000000000000000000e+00,0.000000000000000000e+00
2.276376601999360177e-03,1.499487471332543176e-01,-5.254306425454767504e-02,8.194953230419058446e-03,1.357084086211292340e-01,-2.069884848778976924e-02,9.458537629672438690e-03,1.303749611290969945e-01,-1.258266221435249722e-02,0.000000000000000000e+00,0.000000000000000000e+00,0.000000000000000000e+00,0.000000000000000000e+00,0.000000000000000000e+00,0.000000000000000000e+00,0.000000000000000000e+00,0.000000000000000000e+00,0.000000000000000000e+00
2.827695840181633329e-03,1.574513980268112123e-01,-5.322989482908997705e-02,9.102206217308003028e-03,1.465862577731829874e-01,-2.166366153123953225e-02,1.054353644401252732e-02,1.425110040851563231e-01,-1.368446701521012880e-02,0.000000000000000000e+00,0.000000000000000000e+00,0.000000000000000000e+00,0.000000000000000000e+00,0.000000000000000000e+00,0.000000000000000000e+00,0.000000000000000000e+00,0.000000000000000000e+00,0.000000000000000000e+00
3.379015078363907781e-03,1.649540489203681071e-01,-5.391672540363227906e-02,1.000945920419695281e-02,1.574641069252367132e-01,-2.262847457468929180e-02,1.162853525835261768e-02,1.546470470412156517e-01,-1.478627181606776211e-02,0.000000000000000000e+00,0.000000000000000000e+00,0.000000000000000000e+00,0.000000000000000000e+00,0.000000000000000000e+00,0.000000000000000000e+00,0.000000000000000000e+00,0.000000000000000000e+00,0.000000000000000000e+00
3.930334316546182233e-03,1.724566998139250296e-01,-5.460355597817458800e-02,1.091671219108590260e-02,1.683419560772904666e-01,-2.359328761813905828e-02,1.271353407269270805e-02,1.667830899972749803e-01,-1.588807661692539369e-02,0.000000000000000000e+00,0.000000000000000000e+00,0.000000000000000000e+00,0.000000000000000000e+00,0.000000000000000000e+00,0.000000000000000000e+00,0.000000000000000000e+00,0.000000000000000000e+00,0.000000000000000000e+00
4.481653554728456251e-03,1.799593507074819243e-01,-5.529038655271689695e-02,1.182396517797484718e-02,1.792198052293441923e-01,-2.455810066158882130e-02,1.379853288703279321e-02,1.789191329533343089e-01,-1.698988141778302527e-02,0.000000000000000000e+00,0.000000000000000000e+00,0.000000000000000000e+00,0.000000000000000000e+00,0.000000000000000000e+00,0.000000000000000000e+00,0.000000000000000000e+00,0.000000000000000000e+00,0.000000000000000000e+00
5.032972792910729402e-03,1.874620016010388190e-01,-5.597721712725919896e-02,1.273121816486379523e-02,1.900976543813979736e-01,-2.552291370503858431e-02,1.488353170137288531e-02,1.910551759093936375e-01,-1.809168621864066032e-02,0.000000000000000000e+00,0.000000000000000000e+00,0.000000000000000000e+00,0.000000000000000000e+00,0.000000000000000000e+00,0.000000000000000000e+00,0.000000000000000000e+00,0.000000000000000000e+00,0.000000000000000000e+00
6.749689020179187871e-03,2.021282808662444030e-01,-5.799949247182466239e-02,1.425196705441025141e-02,2.044508022806888758e-01,-2.712487839283189012e-02,1.627956642180762928e-02,2.049147277154723390e-01,-1.950755020568234466e-02,0.000000000000000000e+00,0.000000000000000000e+00,0.000000000000000000e+00,0.000000000000000000e+00,0.000000000000000000e+00,0.000000000000000000e+00,0.000000000000000000e+00,0.000000000000000000e+00,0.000000000000000000e+00
8.466405247447645471e-03,2.167945601314499593e-01,-6.002176781639012582e-02,1.577271594395671106e-02,2.188039501799798336e-01,-2.872684308062519246e-02,1.767560114224237672e-02,2.187742795215510405e-01,-2.092341419272403247e-02,0.000000000000000000e+00,0.000000000000000000e+00,0.000000000000000000e+00,0.000000000000000000e+00,0.000000000000000000e+00,0.000000000000000000e+00,0.000000000000000000e+00,0.000000000000000000e+00,0.000000000000000000e+00
1.018312147471610307e-02,2.314608393966555711e-01,-6.204404316095558924e-02,1.729346483350316724e-02,2.331570980792707914e-01,-3.032880776841850173e-02,1.907163586267712069e-02,2.326338313276297698e-01,-2.233927817976572375e-02,0.000000000000000000e+00,0.000000000000000000e+00,0.000000000000000000e+00,0.000000000000000000e+00,0.000000000000000000e+00,0.000000000000000000e+00,0.000000000000000000e+00,0.000000000000000000e+00,0.000000000000000000e+00
1.189983770198455200e-02,2.461271186618610440e-01,-6.406631850552103880e-02,1.881421372304961648e-02,2.475102459785616105e-01,-3.193077245621179366e-02,2.046767058311185772e-02,2.464933831337084158e-01,-2.375514216680740809e-02,0.000000000000000000e+00,0.000000000000000000e+00,0.000000000000000000e+00,0.000000000000000000e+00,0.000000000000000000e+00,0.000000000000000000e+00,0.000000000000000000e+00,0.000000000000000000e+00,0.000000000000000000e+00
1.361655392925300960e-02,2.607933979270666280e-01,-6.608859385008650222e-02,2.033496261259607613e-02,2.618633938778525683e-01,-3.353273714400510641e-02,2.186370530354660169e-02,2.603529349397871173e-01,-2.517100615384909243e-02,0.000000000000000000e+00,0.000000000000000000e+00,0.000000000000000000e+00,0.000000000000000000e+00,0.000000000000000000e+00,0.000000000000000000e+00,0.000000000000000000e+00,0.000000000000000000e+00,0.000000000000000000e+00
1.533327015652146894e-02,2.754596771922721565e-01,-6.811086919465195177e-02,2.185571150214252883e-02,2.762165417771434983e-01,-3.513470183179841222e-02,2.325974002398135260e-02,2.742124867458658466e-01,-2.658687014089078718e-02,0.000000000000000000e+00,0.000000000000000000e+00,0.000000000000000000e+00,0.000000000000000000e+00,0.000000000000000000e+00,0.000000000000000000e+00,0.000000000000000000e+00,0.000000000000000000e+00,0.000000000000000000e+00
1.704998638378992654e-02,2.901259564574777405e-01,-7.013314453921741520e-02,2.337646039168898848e-02,2.905696896764344284e-01,-3.673666651959171109e-02,2.488938320107172975e-02,2.888597891075017632e-01,-2.823796164746674928e-02,0.000000000000000000e+00,0.000000000000000000e+00,0.000000000000000000e+00,0.000000000000000000e+00,0.000000000000000000e+00,0.000000000000000000e+00,0.000000000000000000e+00,0.000000000000000000e+00,0.000000000000000000e+00
1.876670261105838414e-02,3.047922357226833245e-01,-7.215541988378289251e-02,2.489720928123544466e-02,3.049228375757253584e-01,-3.833863120738502384e-02,2.659689586371398115e-02,3.037696749876566682e-01,-2.996746232722079586e-02,0.000000000000000000e+00,0.000000000000000000e+00,0.000000000000000000e+00,0.000000000000000000e+00,0.000000000000000000e+00,0.000000000000000000e+00,0.000000000000000000e+00,0.000000000000000000e+00,0.000000000000000000e+00
2.048341883832684174e-02,3.194585149878889085e-01,-7.417769522834834206e-02,2.641795817078190431e-02,3.192759854750163440e-01,-3.994059589517832964e-02,2.830440852635623949e-02,3.186795608678116287e-01,-3.169696300697484592e-02,0.000000000000000000e+00,0.000000000000000000e+00,0.000000000000000000e+00,0.000000000000000000e+00,0.000000000000000000e+00,0.000000000000000000e+00,0.000000000000000000e+00,0.000000000000000000e+00,0.000000000000000000e+00
2.220013506559529587e-02,3.341247942530944925e-01,-7.619997057291380549e-02,2.793870706032836049e-02,3.336291333743072740e-01,-4.154256058297162851e-02,3.001192118899849437e-02,3.335894467479665892e-01,-3.342646368672889945e-02,0.000000000000000000e+00,0.000000000000000000e+00,0.000000000000000000e+00,0.000000000000000000e+00,0.000000000000000000e+00,0.000000000000000000e+00,0.000000000000000000e+00,0.000000000000000000e+00,0.000000000000000000e+00
2.391685129286374653e-02,3.487910735182999655e-01,-7.822224591747925504e-02,2.945945594987480626e-02,3.479822812735981485e-01,-4.314452527076492738e-02,3.171943385164073537e-02,3.484993326281214387e-01,-3.515596436648293910e-02,0.000000000000000000e+00,0.000000000000000000e+00,0.000000000000000000e+00,0.000000000000000000e+00,0.000000000000000000e+00,0.000000000000000000e+00,0.000000000000000000e+00,0.000000000000000000e+00,0.000000000000000000e+00
2.563356752013220413e-02,3.634573527835055495e-01,-8.024452126204471847e-02,3.098020483942126591e-02,3.623354291728890786e-01,-4.474648995855824013e-02,3.342694651428299024e-02,3.634092185082763993e-01,-3.688546504623699263e-02,0.000000000000000000e+00,0.000000000000000000e+00,0.000000000000000000e+00,0.000000000000000000e+00,0.000000000000000000e+00,0.000000000000000000e+00,0.000000000000000000e+00,0.000000000000000000e+00,0.000000000000000000e+00
2.735028374740066173e-02,3.781236320487111335e-01,-8.226679660661018190e-02,3.281114987385493065e-02,3.771419235301851636e-01,-4.666370032870878481e-02,3.529042104266230662e-02,3.785368926711732418e-01,-3.877156591236543409e-02,0.000000000000000000e+00,0.000000000000000000e+00,0.000000000000000000e+00,0.000000000000000000e+00,0.000000000000000000e+00,0.000000000000000000e+00,0.000000000000000000e+00,0.000000000000000000e+00,0.000000000000000000e+00
2.906699997466911933e-02,3.927899113139167175e-01,-8.428907195117564533e-02,3.495229105317582130e-02,3.924017643454865700e-01,-4.889615638121658919e-02,3.730985743677868449e-02,3.938823551168120218e-01,-4.081426696486828432e-02,0.000000000000000000e+00,0.000000000000000000e+00,0.000000000000000000e+00,0.000000000000000000e+00,0.000000000000000000e+00,0.000000000000000000e+00,0.000000000000000000e+00,0.000000000000000000e+00,0.000000000000000000e+00
3.078371620193758040e-02,4.074561905791222460e-01,-8.631134729574110875e-02,3.709343223249669808e-02,4.076616051607879210e-01,-5.112861243372437969e-02,3.932929383089506237e-02,4.092278175624507464e-01,-4.285696801737111372e-02,0.000000000000000000e+00,0.000000000000000000e+00,0.000000000000000000e+00,0.000000000000000000e+00,0.000000000000000000e+00,0.000000000000000000e+00,0.000000000000000000e+00,0.000000000000000000e+00,0.000000000000000000e+00
3.250043242920603453e-02,4.221224698443278855e-01,-8.833362264030657218e-02,3.923457341181757485e-02,4.229214459760892719e-01,-5.336106848623218407e-02,4.134873022501144024e-02,4.245732800080895264e-01,-4.489966906987395701e-02,0.000000000000000000e+00,0.000000000000000000e+00,0.000000000000000000e+00,0.000000000000000000e+00,0.000000000000000000e+00,0.000000000000000000e+00,0.000000000000000000e+00,0.000000000000000000e+00,0.000000000000000000e+00
3.421714865647448867e-02,4.367887491095333585e-01,-9.035589798487202173e-02,4.137571459113845163e-02,4.381812867913905674e-01,-5.559352453873997457e-02,4.336816661912780424e-02,4.399187424537281954e-01,-4.694237012237678641e-02,0.000000000000000000e+00,0.000000000000000000e+00,0.000000000000000000e+00,0.000000000000000000e+00,0.000000000000000000e+00,0.000000000000000000e+00,0.000000000000000000e+00,0.000000000000000000e+00,0.000000000000000000e+00
3.593386488374294280e-02,4.514550283747388870e-01,-9.237817332943747128e-02,4.351685577045933534e-02,4.534411276066919183e-01,-5.782598059124777201e-02,4.538760301324418212e-02,4.552642048993669199e-01,-4.898507117487962276e-02,0.000000000000000000e+00,0.000000000000000000e+00,0.000000000000000000e+00,0.000000000000000000e+00,0.000000000000000000e+00,0.000000000000000000e+00,0.000000000000000000e+00,0.000000000000000000e+00,0.000000000000000000e+00
3.765058111101139693e-02,4.661213076399444710e-01,-9.440044867400294859e-02,4.565799694978021905e-02,4.687009684219933248e-01,-6.005843664375558333e-02,4.748512874133119233e-02,4.705795003993960002e-01,-5.110596552353768168e-02,0.000000000000000000e+00,0.000000000000000000e+00,0.000000000000000000e+00,0.000000000000000000e+00,0.000000000000000000e+00,0.000000000000000000e+00,0.000000000000000000e+00,0.000000000000000000e+00,0.000000000000000000e+00
3.936729733827985800e-02,4.807875869051500550e-01,-9.642272401856841202e-02,4.779913812910109583e-02,4.839608092372946757e-01,-6.229089269626336689e-02,4.981692247133009260e-02,4.858042950625959810e-01,-5.346143976066142223e-02,0.000000000000000000e+00,0.000000000000000000e+00,0.000000000000000000e+00,0.000000000000000000e+00,0.000000000000000000e+00,0.000000000000000000e+00,0.000000000000000000e+00,0.000000000000000000e+00,0.000000000000000000e+00
4.108401356554831213e-02,4.954538661703555835e-01,-9.844499936313386157e-02,4.994027930842198648e-02,4.992206500525960822e-01,-6.452334874877117821e-02,5.214871620132900676e-02,5.010290897257960729e-01,-5.581691399778516971e-02,0.000000000000000000e+00,0.000000000000000000e+00,0.000000000000000000e+00,0.000000000000000000e+00,0.000000000000000000e+00,0.000000000000000000e+00,0.000000000000000000e+00,0.000000000000000000e+00,0.000000000000000000e+00
4.280072979281676626e-02,5.101201454355611675e-01,-1.004672747076993389e-01,5.208142048774286326e-02,5.144804908678973776e-01,-6.675580480127896177e-02,5.448050993132790010e-02,5.162538843889961093e-01,-5.817238823490889638e-02,0.000000000000000000e+00,0.000000000000000000e+00,0.000000000000000000e+00,0.000000000000000000e+00,0.000000000000000000e+00,0.000000000000000000e+00,0.000000000000000000e+00,0.000000000000000000e+00,0.000000000000000000e+00
4.451744602008522039e-02,5.247864247007667515e-01,-1.024895500522647884e-01,5.422256166706374003e-02,5.297403316831987841e-01,-6.898826085378675921e-02,5.681230366132679344e-02,5.314786790521959237e-01,-6.052786247203262304e-02,0.000000000000000000e+00,0.000000000000000000e+00,0.000000000000000000e+00,0.000000000000000000e+00,0.000000000000000000e+00,0.000000000000000000e+00,0.000000000000000000e+00,0.000000000000000000e+00,0.000000000000000000e+00
4.623416224735368146e-02,5.394527039659722245e-01,-1.045118253968302519e-01,5.636370284638462375e-02,5.450001724985000795e-01,-7.122071690629455665e-02,5.914409739132570065e-02,5.467034737153960711e-01,-6.288333670915635665e-02,0.000000000000000000e+00,0.000000000000000000e+00,0.000000000000000000e+00,0.000000000000000000e+00,0.000000000000000000e+00,0.000000000000000000e+00,0.000000000000000000e+00,0.000000000000000000e+00,0.000000000000000000e+00
4.795087847462213559e-02,5.541189832311778085e-01,-1.065341007413957014e-01,5.850484402570550746e-02,5.602600133138014860e-01,-7.345317295880236796e-02,6.147589112132460787e-02,5.619282683785961074e-01,-6.523881094628009025e-02,0.000000000000000000e+00,0.000000000000000000e+00,0.000000000000000000e+00,0.000000000000000000e+00,0.000000000000000000e+00,0.000000000000000000e+00,0.000000000000000000e+00,0.000000000000000000e+00,0.000000000000000000e+00
5.092957886219175168e-02,5.667161076555357058e-01,-1.097976597248734865e-01,6.127307420000547428e-02,5.743228739005477035e-01,-7.630945690640723866e-02,6.412047095168990629e-02,5.765346303424995211e-01,-6.790662690653168077e-02,0.000000000000000000e+00,0.000000000000000000e+00,0.000000000000000000e+00,0.000000000000000000e+00,0.000000000000000000e+00,0.000000000000000000e+00,0.000000000000000000e+00,0.000000000000000000e+00,0.000000000000000000e+00
5.390827924976136776e-02,5.793132320798937140e-01,-1.130612187083512993e-01,6.404130437430544109e-02,5.883857344872940320e-01,-7.916574085401212324e-02,6.676505078205521859e-02,5.911409923064031569e-01,-7.057444286678327128e-02,0.000000000000000000e+00,0.000000000000000000e+00,0.000000000000000000e+00,0.000000000000000000e+00,0.000000000000000000e+00,0.000000000000000000e+00,0.000000000000000000e+00,0.000000000000000000e+00,0.000000000000000000e+00
5.688697963733099772e-02,5.919103565042516113e-01,-1.163247776918291121e-01,6.680953454860541485e-02,6.024485950740403606e-01,-8.202202480161702169e-02,6.940963061242051702e-02,6.057473542703066816e-01,-7.324225882703486179e-02,0.000000000000000000e+00,0.000000000000000000e+00,0.000000000000000000e+00,0.000000000000000000e+00,0.000000000000000000e+00,0.000000000000000000e+00,0.000000000000000000e+00,0.000000000000000000e+00,0.000000000000000000e+00
5.986568002490060686e-02,6.045074809286093975e-01,-1.195883366753068833e-01,6.957776472290537473e-02,6.165114556607865781e-01,-8.487830874922189239e-02,7.205421044278582932e-02,6.203537162342103173e-01,-7.591007478728648006e-02,0.000000000000000000e+00,0.000000000000000000e+00,0.000000000000000000e+00,0.000000000000000000e+00,0.000000000000000000e+00,0.000000000000000000e+00,0.000000000000000000e+00,0.000000000000000000e+00,0.000000000000000000e+00
6.284438041247021600e-02,6.171046053529674058e-01,-1.228518956587846822e-01,7.234599489720533461e-02,6.305743162475327956e-01,-8.773459269682676309e-02,7.469879027315114162e-02,6.349600781981138420e-01,-7.857789074753807057e-02,0.000000000000000000e+00,0.000000000000000000e+00,0.000000000000000000e+00,0.000000000000000000e+00,0.000000000000000000e+00,0.000000000000000000e+00,0.000000000000000000e+00,0.000000000000000000e+00,0.000000000000000000e+00
6.582308080003984596e-02,6.297017297773253031e-01,-1.261154546422624811e-01,7.511422507150530836e-02,6.446371768342791242e-01,-9.059087664443166155e-02,7.734337010351645392e-02,6.495664401620174777e-01,-8.124570670778966108e-02,0.000000000000000000e+00,0.000000000000000000e+00,0.000000000000000000e+00,0.000000000000000000e+00,0.000000000000000000e+00,0.000000000000000000e+00,0.000000000000000000e+00,0.000000000000000000e+00,0.000000000000000000e+00
6.880178118760946204e-02,6.422988542016832003e-01,-1.293790136257402801e-01,7.788245524580528212e-02,6.587000374210254527e-01,-9.344716059203653225e-02,8.022283364282320473e-02,6.633796113697451036e-01,-8.414748078167627598e-02,0.000000000000000000e+00,0.000000000000000000e+00,0.000000000000000000e+00,0.000000000000000000e+00,0.000000000000000000e+00,0.000000000000000000e+00,0.000000000000000000e+00,0.000000000000000000e+00,0.000000000000000000e+00
7.178048157517903649e-02,6.548959786260408755e-01,-1.326425726092180235e-01,8.065068542010521424e-02,6.727628980077715593e-01,-9.630344453964138907e-02,8.318059175177709708e-02,6.769283856587474668e-01,-8.712724089344120459e-02,0.000000000000000000e+00,0.000000000000000000e+00,0.000000000000000000e+00,0.000000000000000000e+00,0.000000000000000000e+00,0.000000000000000000e+00,0.000000000000000000e+00,0.000000000000000000e+00,0.000000000000000000e+00
7.475918196274866645e-02,6.674931030503988838e-01,-1.359061315926958224e-01,8.341891559440518800e-02,6.868257585945179988e-01,-9.915972848724627364e-02,8.613834986073101718e-02,6.904771599477499411e-01,-9.010700100520617484e-02,0.000000000000000000e+00,0.000000000000000000e+00,0.000000000000000000e+00,0.000000000000000000e+00,0.000000000000000000e+00,0.000000000000000000e+00,0.000000000000000000e+00,0.000000000000000000e+00,0.000000000000000000e+00
7.773788235031828253e-02,6.800902274747567811e-01,-1.391696905761736491e-01,8.618714576870514787e-02,7.008886191812642164e-01,-1.020160124348511582e-01,8.909610796968492341e-02,7.040259342367523043e-01,-9.308676111697111732e-02,0.000000000000000000e+00,0.000000000000000000e+00,0.000000000000000000e+00,0.000000000000000000e+00,0.000000000000000000e+00,0.000000000000000000e+00,0.000000000000000000e+00,0.000000000000000000e+00,0.000000000000000000e+00
8.071658273788789861e-02,6.926873518991145673e-01,-1.424332495596514203e-01,8.895537594300512163e-02,7.149514797680105449e-01,-1.048722963824560428e-01,9.205386607863885740e-02,7.175747085257548896e-01,-9.606652122873608757e-02,0.000000000000000000e+00,0.000000000000000000e+00,0.000000000000000000e+00,0.000000000000000000e+00,0.000000000000000000e+00,0.000000000000000000e+00,0.000000000000000000e+00,0.000000000000000000e+00,0.000000000000000000e+00
8.369528312545751469e-02,7.052844763234725756e-01,-1.456968085431292470e-01,9.172360611730510926e-02,7.290143403547568735e-01,-1.077285803300609413e-01,9.501162418759276362e-02,7.311234828147573639e-01,-9.904628134050105781e-02,0.000000000000000000e+00,0.000000000000000000e+00,0.000000000000000000e+00,0.000000000000000000e+00,0.000000000000000000e+00,0.000000000000000000e+00,0.000000000000000000e+00,0.000000000000000000e+00,0.000000000000000000e+00
8.667398351302713078e-02,7.178816007478304728e-01,-1.489603675266070182e-01,9.480844328768292528e-02,7.416604176697910722e-01,-1.108936568644347115e-01,9.812616546977986909e-02,7.439531409310398136e-01,-1.021818139023781269e-01,0.000000000000000000e+00,0.000000000000000000e+00,0.000000000000000000e+00,0.000000000000000000e+00,0.000000000000000000e+00,0.000000000000000000e+00,0.000000000000000000e+00,0.000000000000000000e+00,0.000000000000000000e+00
8.965268390059674686e-02,7.304787251721883701e-01,-1.522239265100848171e-01,9.820988745413862520e-02,7.528897117131133632e-01,-1.143675259855774090e-01,1.013974899252002015e-01,7.560636828746027938e-01,-1.054731189143673642e-01,0.000000000000000000e+00,0.000000000000000000e+00,0.000000000000000000e+00,0.000000000000000000e+00,0.000000000000000000e+00,0.000000000000000000e+00,0.000000000000000000e+00,0.000000000000000000e+00,0.000000000000000000e+00
9.263138428816636294e-02,7.430758495965462673e-01,-1.554874854935626161e-01,1.016113316205943251e-01,7.641190057564355431e-01,-1.178413951067200788e-01,1.046688143806205062e-01,7.681742248181654409e-01,-1.087644239263565737e-01,0.000000000000000000e+00,0.000000000000000000e+00,0.000000000000000000e+00,0.000000000000000000e+00,0.000000000000000000e+00,0.000000000000000000e+00,0.000000000000000000e+00,0.000000000000000000e+00,0.000000000000000000e+00
9.561008467573597902e-02,7.556729740209041646e-01,-1.587510444770404150e-01,1.050127757870500250e-01,7.753482997997577231e-01,-1.213152642278627485e-01,1.079401388360408387e-01,7.802847667617283101e-01,-1.120557289383458111e-01,0.000000000000000000e+00,0.000000000000000000e+00,0.000000000000000000e+00,0.000000000000000000e+00,0.000000000000000000e+00,0.000000000000000000e+00,0.000000000000000000e+00,0.000000000000000000e+00,0.000000000000000000e+00
9.858878506330559510e-02,7.682700984452620618e-01,-1.620146034605182139e-01,1.084142199535057527e-01,7.865775938430800140e-01,-1.247891333490054599e-01,1.112114632914611573e-01,7.923953087052910682e-01,-1.153470339503350206e-01,0.000000000000000000e+00,0.000000000000000000e+00,0.000000000000000000e+00,0.000000000000000000e+00,0.000000000000000000e+00,0.000000000000000000e+00,0.000000000000000000e+00,0.000000000000000000e+00,0.000000000000000000e+00
1.015674854508752251e-01,7.808672228696200701e-01,-1.652781624439960129e-01,1.118156641199614387e-01,7.978068878864021940e-01,-1.282630024701481297e-01,1.144827877468814620e-01,8.045058506488539374e-01,-1.186383389623242440e-01,0.000000000000000000e+00,0.000000000000000000e+00,0.000000000000000000e+00,0.000000000000000000e+00,0.000000000000000000e+00,0.000000000000000000e+00,0.000000000000000000e+00,0.000000000000000000e+00,0.000000000000000000e+00
1.045461858384448273e-01,7.934643472939778563e-01,-1.685417214274738118e-01,1.152171082864171248e-01,8.090361819297242629e-01,-1.317368715912908272e-01,1.178325922435994183e-01,8.161763212319971261e-01,-1.220074395355462832e-01,0.000000000000000000e+00,0.000000000000000000e+00,0.000000000000000000e+00,0.000000000000000000e+00,0.000000000000000000e+00,0.000000000000000000e+00,0.000000000000000000e+00,0.000000000000000000e+00,0.000000000000000000e+00
1.075248862260144433e-01,8.060614717183358646e-01,-1.718052804109516107e-01,1.186185524528728386e-01,8.202654759730465539e-01,-1.352107407124334970e-01,1.214178368642103156e-01,8.265265777338820508e-01,-1.256099267924667695e-01,0.000000000000000000e+00,0.000000000000000000e+00,0.000000000000000000e+00,0.000000000000000000e+00,0.000000000000000000e+00,0.000000000000000000e+00,0.000000000000000000e+00,0.000000000000000000e+00,0.000000000000000000e+00
1.105035866135840317e-01,8.186585961426935398e-01,-1.750688393944293819e-01,1.220199966193284968e-01,8.314947700163686228e-01,-1.386846098335761390e-01,1.250030814848211713e-01,8.368768342357668644e-01,-1.292124140493872142e-01,0.000000000000000000e+00,0.000000000000000000e+00,0.000000000000000000e+00,0.000000000000000000e+00,0.000000000000000000e+00,0.000000000000000000e+00,0.000000000000000000e+00,0.000000000000000000e+00,0.000000000000000000e+00
1.134822870011536478e-01,8.312557205670514371e-01,-1.783323983779071531e-01,1.254214407857842106e-01,8.427240640596909138e-01,-1.421584789547188366e-01,1.285883261054320825e-01,8.472270907376517890e-01,-1.328149013063076866e-01,0.000000000000000000e+00,0.000000000000000000e+00,0.000000000000000000e+00,0.000000000000000000e+00,0.000000000000000000e+00,0.000000000000000000e+00,0.000000000000000000e+00,0.000000000000000000e+00,0.000000000000000000e+00
1.164609873887232638e-01,8.438528449914093343e-01,-1.815959573613849798e-01,1.288228849522398967e-01,8.539533581030130938e-01,-1.456323480758615341e-01,1.321735707260429660e-01,8.575773472395367136e-01,-1.364173885632281868e-01,0.000000000000000000e+00,0.000000000000000000e+00,0.000000000000000000e+00,0.000000000000000000e+00,0.000000000000000000e+00,0.000000000000000000e+00,0.000000000000000000e+00,0.000000000000000000e+00,0.000000000000000000e+00
1.194396877762928938e-01,8.564499694157673426e-01,-1.848595163448627787e-01,1.322243291186956105e-01,8.651826521463353847e-01,-1.491062171970041761e-01,1.357588153466538494e-01,8.679276037414216383e-01,-1.400198758201486871e-01,0.000000000000000000e+00,0.000000000000000000e+00,0.000000000000000000e+00,0.000000000000000000e+00,0.000000000000000000e+00,0.000000000000000000e+00,0.000000000000000000e+00,0.000000000000000000e+00,0.000000000000000000e+00
1.224183881638625099e-01,8.690470938401252399e-01,-1.881230753283405499e-01,1.356257732851513242e-01,8.764119461896575647e-01,-1.525800863181469014e-01,1.393440599672647606e-01,8.782778602433065629e-01,-1.436223630770691873e-01,0.000000000000000000e+00,0.000000000000000000e+00,0.000000000000000000e+00,0.000000000000000000e+00,0.000000000000000000e+00,0.000000000000000000e+00,0.000000000000000000e+00,0.000000000000000000e+00,0.000000000000000000e+00
1.267496306153227115e-01,8.739849813347113638e-01,-1.925360860428142473e-01,1.396661842912201024e-01,8.836375834409836427e-01,-1.566656754622346992e-01,1.432435911648012594e-01,8.866042415713347724e-01,-1.475356591607731582e-01,0.000000000000000000e+00,0.000000000000000000e+00,0.000000000000000000e+00,0.000000000000000000e+00,0.000000000000000000e+00,0.000000000000000000e+00,0.000000000000000000e+00,0.000000000000000000e+00,0.000000000000000000e+00
1.310808730667829547e-01,8.789228688292973768e-01,-1.969490967572879170e-01,1.437065952972888805e-01,8.908632206923097208e-01,-1.607512646063225248e-01,1.471431223623377860e-01,8.949306228993630929e-01,-1.514489552444771570e-01,0.000000000000000000e+00,0.000000000000000000e+00,0.000000000000000000e+00,0.000000000000000000e+00,0.000000000000000000e+00,0.000000000000000000e+00,0.000000000000000000e+00,0.000000000000000000e+00,0.000000000000000000e+00
1.354121155182431979e-01,8.838607563238836118e-01,-2.013621074717615866e-01,1.477470063033576864e-01,8.980888579436360208e-01,-1.648368537504103781e-01,1.510426535598743125e-01,9.032570042273915245e-01,-1.553622513281811557e-01,0.000000000000000000e+00,0.000000000000000000e+00,0.000000000000000000e+00,0.000000000000000000e+00,0.000000000000000000e+00,0.000000000000000000e+00,0.000000000000000000e+00,0.000000000000000000e+00,0.000000000000000000e+00
1.397433579697034134e-01,8.887986438184697358e-01,-2.057751181862352563e-01,1.517874173094264645e-01,9.053144951949620989e-01,-1.689224428944981760e-01,1.549421847574108391e-01,9.115833855554198450e-01,-1.592755474118851822e-01,0.000000000000000000e+00,0.000000000000000000e+00,0.000000000000000000e+00,0.000000000000000000e+00,0.000000000000000000e+00,0.000000000000000000e+00,0.000000000000000000e+00,0.000000000000000000e+00,0.000000000000000000e+00
1.440746004211636566e-01,8.937365313130558597e-01,-2.101881289007089260e-01,1.558278283154952426e-01,9.125401324462881769e-01,-1.730080320385860015e-01,1.588417159549473379e-01,9.199097668834481656e-01,-1.631888434955891531e-01,0.000000000000000000e+00,0.000000000000000000e+00,0.000000000000000000e+00,0.000000000000000000e+00,0.000000000000000000e+00,0.000000000000000000e+00,0.000000000000000000e+00,0.000000000000000000e+00,0.000000000000000000e+00
1.484058428726238721e-01,8.986744188076420947e-01,-2.146011396151826234e-01,1.598682393215640485e-01,9.197657696976144770e-01,-1.770936211826738271e-01,1.627412471524839199e-01,9.282361482114767082e-01,-1.671021395792932074e-01,0.000000000000000000e+00,0.000000000000000000e+00,0.000000000000000000e+00,0.000000000000000000e+00,0.000000000000000000e+00,0.000000000000000000e+00,0.000000000000000000e+00,0.000000000000000000e+00,0.000000000000000000e+00
1.527370853240841153e-01,9.036123063022281077e-01,-2.190141503296562653e-01,1.639086503276328544e-01,9.269914069489405550e-01,-1.811792103267616527e-01,1.668767643717126992e-01,9.348907583630184925e-01,-1.712482736448525944e-01,0.000000000000000000e+00,0.000000000000000000e+00,0.000000000000000000e+00,0.000000000000000000e+00,0.000000000000000000e+00,0.000000000000000000e+00,0.000000000000000000e+00,0.000000000000000000e+00,0.000000000000000000e+00
1.570683277755443585e-01,9.085501937968143427e-01,-2.234271610441299627e-01,1.679490613337016325e-01,9.342170442002666331e-01,-1.852647994708495061e-01,1.710909435981722848e-01,9.409881114557315795e-01,-1.754720203710305459e-01,0.000000000000000000e+00,0.000000000000000000e+00,0.000000000000000000e+00,0.000000000000000000e+00,0.000000000000000000e+00,0.000000000000000000e+00,0.000000000000000000e+00,0.000000000000000000e+00,0.000000000000000000e+00
1.613995702270045185e-01,9.134880812914003556e-01,-2.278401717586036046e-01,1.719894723397703551e-01,9.414426814515927111e-01,-1.893503886149372761e-01,1.753051228246317872e-01,9.470854645484447776e-01,-1.796957670972084142e-01,0.000000000000000000e+00,0.000000000000000000e+00,0.000000000000000000e+00,0.000000000000000000e+00,0.000000000000000000e+00,0.000000000000000000e+00,0.000000000000000000e+00,0.000000000000000000e+00,0.000000000000000000e+00
1.657308126784647617e-01,9.184259687859867016e-01,-2.322531824730773020e-01,1.760298833458391610e-01,9.486683187029187891e-01,-1.934359777590250740e-01,1.795193020510913451e-01,9.531828176411578646e-01,-1.839195138233863380e-01,0.000000000000000000e+00,0.000000000000000000e+00,0.000000000000000000e+00,0.000000000000000000e+00,0.000000000000000000e+00,0.000000000000000000e+00,0.000000000000000000e+00,0.000000000000000000e+00,0.000000000000000000e+00
1.700620551299249772e-01,9.233638562805726036e-01,-2.366661931875509439e-01,1.800702943519079668e-01,9.558939559542449782e-01,-1.975215669031129273e-01,1.837334812775509030e-01,9.592801707338709516e-01,-1.881432605495642618e-01,0.000000000000000000e+00,0.000000000000000000e+00,0.000000000000000000e+00,0.000000000000000000e+00,0.000000000000000000e+00,0.000000000000000000e+00,0.000000000000000000e+00,0.000000000000000000e+00,0.000000000000000000e+00
1.743932975813852204e-01,9.283017437751588385e-01,-2.410792039020246413e-01,1.841107053579767727e-01,9.631195932055712783e-01,-2.016071560472007806e-01,1.879476605040104609e-01,9.653775238265840386e-01,-1.923670072757421856e-01,0.000000000000000000e+00,0.000000000000000000e+00,0.000000000000000000e+00,0.000000000000000000e+00,0.000000000000000000e+00,0.000000000000000000e+00,0.000000000000000000e+00,0.000000000000000000e+00,0.000000000000000000e+00
1.787245400328454359e-01,9.332396312697451846e-01,-2.454922146164983388e-01,1.884736690628442402e-01,9.679899313912454506e-01,-2.059955628964759977e-01,1.923193701732283378e-01,9.702869308661478120e-01,-1.967457772903930258e-01,0.000000000000000000e+00,0.000000000000000000e+00,0.000000000000000000e+00,0.000000000000000000e+00,0.000000000000000000e+00,0.000000000000000000e+00,0.000000000000000000e+00,0.000000000000000000e+00,0.000000000000000000e+00
1.830557824843056791e-01,9.381775187643311975e-01,-2.499052253309719807e-01,1.931591854665104524e-01,9.705049705112680503e-01,-2.106867874509387173e-01,1.968486102852045616e-01,9.740083918525624940e-01,-2.012795705935168655e-01,0.000000000000000000e+00,0.000000000000000000e+00,0.000000000000000000e+00,0.000000000000000000e+00,0.000000000000000000e+00,0.000000000000000000e+00,0.000000000000000000e+00,0.000000000000000000e+00,0.000000000000000000e+00
1.873870249357659223e-01,9.431154062589174325e-01,-2.543182360454456781e-01,1.978447018701766091e-01,9.730200096312904279e-01,-2.153780120054013536e-01,2.013778503971807576e-01,9.777298528389769539e-01,-2.058133638966406775e-01,0.000000000000000000e+00,0.000000000000000000e+00,0.000000000000000000e+00,0.000000000000000000e+00,0.000000000000000000e+00,0.000000000000000000e+00,0.000000000000000000e+00,0.000000000000000000e+00,0.000000000000000000e+00
1.917182673872261378e-01,9.480532937535035565e-01,-2.587312467599193200e-01,2.025302182738427659e-01,9.755350487513128055e-01,-2.200692365598640454e-01,2.059070905091569537e-01,9.814513138253915248e-01,-2.103471571997645173e-01,0.000000000000000000e+00,0.000000000000000000e+00,0.000000000000000000e+00,0.000000000000000000e+00,0.000000000000000000e+00,0.000000000000000000e+00,0.000000000000000000e+00,0.000000000000000000e+00,0.000000000000000000e+00
1.960495098386863533e-01,9.529911812480896804e-01,-2.631442574743930174e-01,2.072157346775090059e-01,9.780500878713355162e-01,-2.247604611143267928e-01,2.104363306211331497e-01,9.851727748118059846e-01,-2.148809505028883293e-01,0.000000000000000000e+00,0.000000000000000000e+00,0.000000000000000000e+00,0.000000000000000000e+00,0.000000000000000000e+00,0.000000000000000000e+00,0.000000000000000000e+00,0.000000000000000000e+00,0.000000000000000000e+00
2.003807522901466243e-01,9.579290687426758044e-01,-2.675572681888667148e-01,2.119012510811751626e-01,9.805651269913577828e-01,-2.294516856687894291e-01,2.149655707331093457e-01,9.888942357982205555e-01,-2.194147438060121413e-01,0.000000000000000000e+00,0.000000000000000000e+00,0.000000000000000000e+00,0.000000000000000000e+00,0.000000000000000000e+00,0.000000000000000000e+00,0.000000000000000000e+00,0.000000000000000000e+00,0.000000000000000000e+00
2.047119947416068120e-01,9.628669562372619284e-01,-2.719702789033403567e-01,2.165867674848413471e-01,9.830801661113802714e-01,-2.341429102232520931e-01,2.195736815816133891e-01,9.919995919344510860e-01,-2.240259446883176020e-01,0.000000000000000000e+00,0.000000000000000000e+00,0.000000000000000000e+00,0.000000000000000000e+00,0.000000000000000000e+00,0.000000000000000000e+00,0.000000000000000000e+00,0.000000000000000000e+00,0.000000000000000000e+00
2.090432371930670830e-01,9.678048437318481634e-01,-2.763832896178140541e-01,2.212722838885075594e-01,9.855952052314027600e-01,-2.388341347777148127e-01,2.244184046397010024e-01,9.932566335201302721e-01,-2.288693683081680363e-01,0.000000000000000000e+00,0.000000000000000000e+00,0.000000000000000000e+00,0.000000000000000000e+00,0.000000000000000000e+00,0.000000000000000000e+00,0.000000000000000000e+00,0.000000000000000000e+00,0.000000000000000000e+00
2.133744796445272429e-01,9.727427312264342874e-01,-2.807963003322876960e-01,2.259578002921736606e-01,9.881102443514251377e-01,-2.435253593321774490e-01,2.292631276977885602e-01,9.945136751058093472e-01,-2.337127919280184152e-01,0.000000000000000000e+00,0.000000000000000000e+00,0.000000000000000000e+00,0.000000000000000000e+00,0.000000000000000000e+00,0.000000000000000000e+00,0.000000000000000000e+00,0.000000000000000000e+00,0.000000000000000000e+00
2.177057220959874861e-01,9.776806187210203003e-01,-2.852093110467613379e-01,2.306433166958398451e-01,9.906252834714477373e-01,-2.482165838866401408e-01,2.341078507558762012e-01,9.957707166914885333e-01,-2.385562155478688773e-01,0.000000000000000000e+00,0.000000000000000000e+00,0.000000000000000000e+00,0.000000000000000000e+00,0.000000000000000000e+00,0.000000000000000000e+00,0.000000000000000000e+00,0.000000000000000000e+00,0.000000000000000000e+00
2.220369645474477016e-01,9.826185062156065353e-01,-2.896223217612350354e-01,2.353288330995060573e-01,9.931403225914701149e-01,-2.529078084411028327e-01,2.389525738139637867e-01,9.970277582771676084e-01,-2.433996391677192561e-01,0.000000000000000000e+00,0.000000000000000000e+00,0.000000000000000000e+00,0.000000000000000000e+00,0.000000000000000000e+00,0.000000000000000000e+00,0.000000000000000000e+00,0.000000000000000000e+00,0.000000000000000000e+00
2.263682069989079726e-01,9.875563937101927703e-01,-2.940353324757087328e-01,2.400143495031722418e-01,9.956553617114926036e-01,-2.575990329955655245e-01,2.437972968720514277e-01,9.982847998628469055e-01,-2.482430627875696905e-01,0.000000000000000000e+00,0.000000000000000000e+00,0.000000000000000000e+00,0.000000000000000000e+00,0.000000000000000000e+00,0.000000000000000000e+00,0.000000000000000000e+00,0.000000000000000000e+00,0.000000000000000000e+00
2.306994494503681881e-01,9.924942812047788943e-01,-2.984483431901823747e-01,2.446998659068384263e-01,9.981704008315150922e-01,-2.622902575500281608e-01,2.486420199301390410e-01,9.995418414485259806e-01,-2.530864864074201526e-01,0.000000000000000000e+00,0.000000000000000000e+00,0.000000000000000000e+00,0.000000000000000000e+00,0.000000000000000000e+00,0.000000000000000000e+00,0.000000000000000000e+00,0.000000000000000000e+00,0.000000000000000000e+00
2.364702838848762034e-01,9.877991565119295103e-01,-3.039163881035815140e-01,2.500369157550703658e-01,9.957292284437908592e-01,-2.675803579830422496e-01,2.538026589129710464e-01,9.983042822676718719e-01,-2.582390765481119010e-01,0.000000000000000000e+00,0.000000000000000000e+00,0.000000000000000000e+00,0.000000000000000000e+00,0.000000000000000000e+00,0.000000000000000000e+00,0.000000000000000000e+00,0.000000000000000000e+00,0.000000000000000000e+00
2.422411183193842188e-01,9.831040318190804594e-01,-3.093844330169806534e-01,2.553739656033023331e-01,9.932880560560668481e-01,-2.728704584160563384e-01,2.589632978958030796e-01,9.970667230868177633e-01,-2.633916666888037050e-01,0.000000000000000000e+00,0.000000000000000000e+00,0.000000000000000000e+00,0.000000000000000000e+00,0.000000000000000000e+00,0.000000000000000000e+00,0.000000000000000000e+00,0.000000000000000000e+00,0.000000000000000000e+00
2.480119527538922897e-01,9.784089071262314086e-01,-3.148524779303798482e-01,2.607110154515343003e-01,9.908468836683429481e-01,-2.781605588490704828e-01,2.641239368786351127e-01,9.958291639059637657e-01,-2.685442568294955090e-01,0.000000000000000000e+00,0.000000000000000000e+00,0.000000000000000000e+00,0.000000000000000000e+00,0.000000000000000000e+00,0.000000000000000000e+00,0.000000000000000000e+00,0.000000000000000000e+00,0.000000000000000000e+00
2.537827871884002495e-01,9.737137824333821357e-01,-3.203205228437789875e-01,2.660480652997662676e-01,9.884057112806188261e-01,-2.834506592820845716e-01,2.692845758614671459e-01,9.945916047251097680e-01,-2.736968469701873130e-01,0.000000000000000000e+00,0.000000000000000000e+00,0.000000000000000000e+00,0.000000000000000000e+00,0.000000000000000000e+00,0.000000000000000000e+00,0.000000000000000000e+00,0.000000000000000000e+00,0.000000000000000000e+00
2.595536216229082926e-01,9.690186577405328627e-01,-3.257885677571781269e-01,2.713851151479982349e-01,9.859645388928947041e-01,-2.887407597150986605e-01,2.744452148442991790e-01,9.933540455442557704e-01,-2.788494371108791170e-01,0.000000000000000000e+00,0.000000000000000000e+00,0.000000000000000000e+00,0.000000000000000000e+00,0.000000000000000000e+00,0.000000000000000000e+00,0.000000000000000000e+00,0.000000000000000000e+00,0.000000000000000000e+00
2.653244560574163358e-01,9.643235330476839229e-01,-3.312566126705772662e-01,2.767221649962302021e-01,9.835233665051705820e-01,-2.940308601481127493e-01,2.796058538271312122e-01,9.921164863634018838e-01,-2.840020272515709765e-01,0.000000000000000000e+00,0.000000000000000000e+00,0.000000000000000000e+00,0.000000000000000000e+00,0.000000000000000000e+00,0.000000000000000000e+00,0.000000000000000000e+00,0.000000000000000000e+00,0.000000000000000000e+00
2.710952904919243789e-01,9.596284083548345389e-01,-3.367246575839764056e-01,2.820592148444621694e-01,9.810821941174467931e-01,-2.993209605811268936e-01,2.850036459228903474e-01,9.890293779994693280e-01,-2.893862073422555636e-01,0.000000000000000000e+00,0.000000000000000000e+00,0.000000000000000000e+00,0.000000000000000000e+00,0.000000000000000000e+00,0.000000000000000000e+00,0.000000000000000000e+00,0.000000000000000000e+00,0.000000000000000000e+00
2.768661249264324220e-01,9.549332836619854881e-01,-3.421927024973755449e-01,2.873962646926941367e-01,9.786410217297225600e-01,-3.046110610141409825e-01,2.904804890562918129e-01,9.853257532411772157e-01,-2.948475840829378747e-01,0.000000000000000000e+00,0.000000000000000000e+00,0.000000000000000000e+00,0.000000000000000000e+00,0.000000000000000000e+00,0.000000000000000000e+00,0.000000000000000000e+00,0.000000000000000000e+00,0.000000000000000000e+00
2.826369593609404651e-01,9.502381589691364372e-01,-3.476607474107747953e-01,2.927333145409261039e-01,9.761998493419985490e-01,-3.099011614471550713e-01,2.959573321896932785e-01,9.816221284828852145e-01,-3.003089608236201302e-01,0.000000000000000000e+00,0.000000000000000000e+00,0.000000000000000000e+00,0.000000000000000000e+00,0.000000000000000000e+00,0.000000000000000000e+00,0.000000000000000000e+00,0.000000000000000000e+00,0.000000000000000000e+00
2.884077937954484527e-01,9.455430342762871643e-01,-3.531287923241738236e-01,2.980703643891580712e-01,9.737586769542745380e-01,-3.151912618801692156e-01,3.014341753230947996e-01,9.779185037245932133e-01,-3.057703375643024413e-01,0.000000000000000000e+00,0.000000000000000000e+00,0.000000000000000000e+00,0.000000000000000000e+00,0.000000000000000000e+00,0.000000000000000000e+00,0.000000000000000000e+00,0.000000000000000000e+00,0.000000000000000000e+00
2.941786282299564959e-01,9.408479095834381134e-01,-3.585968372375729629e-01,3.034074142373900385e-01,9.713175045665505269e-01,-3.204813623131832490e-01,3.069110184564962651e-01,9.742148789663013231e-01,-3.112317143049846968e-01,0.000000000000000000e+00,0.000000000000000000e+00,0.000000000000000000e+00,0.000000000000000000e+00,0.000000000000000000e+00,0.000000000000000000e+00,0.000000000000000000e+00,0.000000000000000000e+00,0.000000000000000000e+00
2.999494626644645390e-01,9.361527848905888405e-01,-3.640648821509721023e-01,3.087444640856220057e-01,9.688763321788265159e-01,-3.257714627461973933e-01,3.123878615898977862e-01,9.705112542080093219e-01,-3.166930910456670079e-01,0.000000000000000000e+00,0.000000000000000000e+00,0.000000000000000000e+00,0.000000000000000000e+00,0.000000000000000000e+00,0.000000000000000000e+00,0.000000000000000000e+00,0.000000000000000000e+00,0.000000000000000000e+00
3.057202970989725266e-01,9.314576601977395676e-01,-3.695329270643712971e-01,3.144088706794085919e-01,9.640693341699918539e-01,-3.313582755246601841e-01,3.180228791638994301e-01,9.656182485095708978e-01,-3.223086951111283627e-01,0.000000000000000000e+00,0.000000000000000000e+00,0.000000000000000000e+00,0.000000000000000000e+00,0.000000000000000000e+00,0.000000000000000000e+00,0.000000000000000000e+00,0.000000000000000000e+00,0.000000000000000000e+00
3.114911315334805697e-01,9.267625355048905167e-01,-3.750009719777704920e-01,3.204006340187497415e-01,9.568965105400468740e-01,-3.372418006485717323e-01,3.238160711785012524e-01,9.595358618709859400e-01,-3.280785265013688168e-01,0.000000000000000000e+00,0.000000000000000000e+00,0.000000000000000000e+00,0.000000000000000000e+00,0.000000000000000000e+00,0.000000000000000000e+00,0.000000000000000000e+00,0.000000000000000000e+00,0.000000000000000000e+00
3.172619659679886128e-01,9.220674108120413548e-01,-3.804690168911695758e-01,3.263923973580908910e-01,9.497236869101017831e-01,-3.431253257724832251e-01,3.296092631931030748e-01,9.534534752324013152e-01,-3.338483578916092709e-01,0.000000000000000000e+00,0.000000000000000000e+00,0.000000000000000000e+00,0.000000000000000000e+00,0.000000000000000000e+00,0.000000000000000000e+00,0.000000000000000000e+00,0.000000000000000000e+00,0.000000000000000000e+00
3.230328004024964894e-01,9.173722861191924149e-01,-3.859370618045686041e-01,3.323841606974319851e-01,9.425508632801570252e-01,-3.490088508963946623e-01,3.354024552077047305e-01,9.473710885938166903e-01,-3.396181892818496695e-01,0.000000000000000000e+00,0.000000000000000000e+00,0.000000000000000000e+00,0.000000000000000000e+00,0.000000000000000000e+00,0.000000000000000000e+00,0.000000000000000000e+00,0.000000000000000000e+00,0.000000000000000000e+00
3.288036348370045325e-01,9.126771614263431420e-01,-3.914051067179677434e-01,3.383759240367731902e-01,9.353780396502118233e-01,-3.548923760203061550e-01,3.411956472223066084e-01,9.412887019552318435e-01,-3.453880206720901236e-01,0.000000000000000000e+00,0.000000000000000000e+00,0.000000000000000000e+00,0.000000000000000000e+00,0.000000000000000000e+00,0.000000000000000000e+00,0.000000000000000000e+00,0.000000000000000000e+00,0.000000000000000000e+00
3.345744692715125757e-01,9.079820367334939801e-01,-3.968731516313669383e-01,3.443676873761143953e-01,9.282052160202671764e-01,-3.607759011442177588e-01,3.469888392369083752e-01,9.352063153166471077e-01,-3.511578520623306332e-01,0.000000000000000000e+00,0.000000000000000000e+00,0.000000000000000000e+00,0.000000000000000000e+00,0.000000000000000000e+00,0.000000000000000000e+00,0.000000000000000000e+00,0.000000000000000000e+00,0.000000000000000000e+00
3.403453037060206188e-01,9.032869120406448182e-01,-4.023411965447660776e-01,3.503594507154555449e-01,9.210323923903218635e-01,-3.666594262681292515e-01,3.528610898386124184e-01,9.285658243183140259e-01,-3.570047570826907490e-01,0.000000000000000000e+00,0.000000000000000000e+00,0.000000000000000000e+00,0.000000000000000000e+00,0.000000000000000000e+00,0.000000000000000000e+00,0.000000000000000000e+00,0.000000000000000000e+00,0.000000000000000000e+00
3.461161381405286064e-01,8.985917873477955453e-01,-4.078092414581652170e-01,3.563512140547966944e-01,9.138595687603768836e-01,-3.725429513920407443e-01,3.589705162016230133e-01,9.202510202407360174e-01,-3.630828829934100721e-01,0.000000000000000000e+00,0.000000000000000000e+00,0.000000000000000000e+00,0.000000000000000000e+00,0.000000000000000000e+00,0.000000000000000000e+00,0.000000000000000000e+00,0.000000000000000000e+00,0.000000000000000000e+00
3.518869725750366495e-01,8.938966626549464944e-01,-4.132772863715643563e-01,3.623429773941378995e-01,9.066867451304319037e-01,-3.784264765159522925e-01,3.650799425646337193e-01,9.119362161631581198e-01,-3.691610089041293952e-01,0.000000000000000000e+00,0.000000000000000000e+00,0.000000000000000000e+00,0.000000000000000000e+00,0.000000000000000000e+00,0.000000000000000000e+00,0.000000000000000000e+00,0.000000000000000000e+00,0.000000000000000000e+00
3.576578070095446926e-01,8.892015379620973325e-01,-4.187453312849634957e-01,3.683347407334791046e-01,8.995139215004869238e-01,-3.843100016398638408e-01,3.711893689276444253e-01,9.036214120855803333e-01,-3.752391348148487737e-01,0.000000000000000000e+00,0.000000000000000000e+00,0.000000000000000000e+00,0.000000000000000000e+00,0.000000000000000000e+00,0.000000000000000000e+00,0.000000000000000000e+00,0.000000000000000000e+00,0.000000000000000000e+00
3.634286414440527357e-01,8.845064132692481706e-01,-4.242133761983626350e-01,3.743265040728203097e-01,8.923410978705419438e-01,-3.901935267637753890e-01,3.772987952906550202e-01,8.953066080080023248e-01,-3.813172607255681523e-01,0.000000000000000000e+00,0.000000000000000000e+00,0.000000000000000000e+00,0.000000000000000000e+00,0.000000000000000000e+00,0.000000000000000000e+00,0.000000000000000000e+00,0.000000000000000000e+00,0.000000000000000000e+00
3.691994758785607789e-01,8.798112885763990088e-01,-4.296814211117618298e-01,3.803182674121614593e-01,8.851682742405968529e-01,-3.960770518876868818e-01,3.834082216536657262e-01,8.869918039304244273e-01,-3.873953866362874754e-01,0.000000000000000000e+00,0.000000000000000000e+00,0.000000000000000000e+00,0.000000000000000000e+00,0.000000000000000000e+00,0.000000000000000000e+00,0.000000000000000000e+00,0.000000000000000000e+00,0.000000000000000000e+00
3.749703103130687665e-01,8.751161638835498469e-01,-4.351494660251609692e-01,3.863100307515026643e-01,8.779954506106518730e-01,-4.019605770115984300e-01,3.895176480166763766e-01,8.786769998528465297e-01,-3.934735125470067985e-01,0.000000000000000000e+00,0.000000000000000000e+00,0.000000000000000000e+00,0.000000000000000000e+00,0.000000000000000000e+00,0.000000000000000000e+00,0.000000000000000000e+00,0.000000000000000000e+00,0.000000000000000000e+00
3.821769709775958423e-01,8.625846708055886491e-01,-4.416179153760947385e-01,3.929535103140671115e-01,8.667925033217822595e-01,-4.084354480944520360e-01,3.959430302031318183e-01,8.683348797138543684e-01,-3.998598418784339303e-01,0.000000000000000000e+00,0.000000000000000000e+00,0.000000000000000000e+00,0.000000000000000000e+00,0.000000000000000000e+00,0.000000000000000000e+00,0.000000000000000000e+00,0.000000000000000000e+00,0.000000000000000000e+00
3.893836316421229182e-01,8.500531777276274514e-01,-4.480863647270285077e-01,3.995969898766315587e-01,8.555895560329127569e-01,-4.149103191773056420e-01,4.023684123895873155e-01,8.579927595748623181e-01,-4.062461712098611732e-01,0.000000000000000000e+00,0.000000000000000000e+00,0.000000000000000000e+00,0.000000000000000000e+00,0.000000000000000000e+00,0.000000000000000000e+00,0.000000000000000000e+00,0.000000000000000000e+00,0.000000000000000000e+00
3.965902923066500496e-01,8.375216846496663647e-01,-4.545548140779623880e-01,4.062404694391960058e-01,8.443866087440434764e-01,-4.213851902601593591e-01,4.087937945760428127e-01,8.476506394358703789e-01,-4.126325005412884162e-01,0.000000000000000000e+00,0.000000000000000000e+00,0.000000000000000000e+00,0.000000000000000000e+00,0.000000000000000000e+00,0.000000000000000000e+00,0.000000000000000000e+00,0.000000000000000000e+00,0.000000000000000000e+00
4.037969529711770700e-01,8.249901915717051670e-01,-4.610232634288961018e-01,4.128839490017604530e-01,8.331836614551738629e-01,-4.278600613430129096e-01,4.152191767624983099e-01,8.373085192968782176e-01,-4.190188298727155480e-01,0.000000000000000000e+00,0.000000000000000000e+00,0.000000000000000000e+00,0.000000000000000000e+00,0.000000000000000000e+00,0.000000000000000000e+00,0.000000000000000000e+00,0.000000000000000000e+00,0.000000000000000000e+00
4.110036136357041459e-01,8.124586984937440803e-01,-4.674917127798299821e-01,4.195274285643249557e-01,8.219807141663043604e-01,-4.343349324258665711e-01,4.216445589489538071e-01,8.269663991578862783e-01,-4.254051592041427909e-01,0.000000000000000000e+00,0.000000000000000000e+00,0.000000000000000000e+00,0.000000000000000000e+00,0.000000000000000000e+00,0.000000000000000000e+00,0.000000000000000000e+00,0.000000000000000000e+00,0.000000000000000000e+00
4.182102743002312772e-01,7.999272054157829936e-01,-4.739601621307638624e-01,4.261709081268894028e-01,8.107777668774349689e-01,-4.408098035087202327e-01,4.280699411354093598e-01,8.166242790188942280e-01,-4.317914885355700338e-01,0.000000000000000000e+00,0.000000000000000000e+00,0.000000000000000000e+00,0.000000000000000000e+00,0.000000000000000000e+00,0.000000000000000000e+00,0.000000000000000000e+00,0.000000000000000000e+00,0.000000000000000000e+00
4.254169349647582976e-01,7.873957123378217959e-01,-4.804286114816975761e-01,4.328143876894539055e-01,7.995748195885654663e-01,-4.472846745915738387e-01,4.347318975735511293e-01,8.049596205074597277e-01,-4.384090288722179984e-01,0.000000000000000000e+00,0.000000000000000000e+00,0.000000000000000000e+00,0.000000000000000000e+00,0.000000000000000000e+00,0.000000000000000000e+00,0.000000000000000000e+00,0.000000000000000000e+00,0.000000000000000000e+00
4.326235956292854290e-01,7.748642192598605982e-01,-4.868970608326314009e-01,4.394578672520184082e-01,7.883718722996959638e-01,-4.537595456744275557e-01,4.414727120955884709e-01,7.928541158718778181e-01,-4.451036395439396665e-01,0.000000000000000000e+00,0.000000000000000000e+00,0.000000000000000000e+00,0.000000000000000000e+00,0.000000000000000000e+00,0.000000000000000000e+00,0.000000000000000000e+00,0.000000000000000000e+00,0.000000000000000000e+00
4.398302562938125604e-01,7.623327261818996226e-01,-4.933655101835652257e-01,4.461013468145828553e-01,7.771689250108263503e-01,-4.602344167572811062e-01,4.482135266176257016e-01,7.807486112362957975e-01,-4.517982502156612235e-01,0.000000000000000000e+00,0.000000000000000000e+00,0.000000000000000000e+00,0.000000000000000000e+00,0.000000000000000000e+00,0.000000000000000000e+00,0.000000000000000000e+00,0.000000000000000000e+00,0.000000000000000000e+00
4.470369169583395808e-01,7.498012331039383138e-01,-4.998339595344989950e-01,4.527448263771473025e-01,7.659659777219569587e-01,-4.667092878401347678e-01,4.549543411396630432e-01,7.686431066007139989e-01,-4.584928608873829470e-01,0.000000000000000000e+00,0.000000000000000000e+00,0.000000000000000000e+00,0.000000000000000000e+00,0.000000000000000000e+00,0.000000000000000000e+00,0.000000000000000000e+00,0.000000000000000000e+00,0.000000000000000000e+00
4.542435776228667121e-01,7.372697400259772271e-01,-5.063024088854328753e-01,4.593883059397118052e-01,7.547630304330874562e-01,-4.731841589229883738e-01,4.616951556617003294e-01,7.565376019651320894e-01,-4.651874715591046705e-01,0.000000000000000000e+00,0.000000000000000000e+00,0.000000000000000000e+00,0.000000000000000000e+00,0.000000000000000000e+00,0.000000000000000000e+00,0.000000000000000000e+00,0.000000000000000000e+00,0.000000000000000000e+00
4.614502382873937325e-01,7.247382469480161404e-01,-5.127708582363665890e-01,4.660317855022763078e-01,7.435600831442180647e-01,-4.796590300058420908e-01,4.684359701837376710e-01,7.444320973295502908e-01,-4.718820822308262830e-01,0.000000000000000000e+00,0.000000000000000000e+00,0.000000000000000000e+00,0.000000000000000000e+00,0.000000000000000000e+00,0.000000000000000000e+00,0.000000000000000000e+00,0.000000000000000000e+00,0.000000000000000000e+00
4.686568989519208639e-01,7.122067538700549427e-01,-5.192393075873004138e-01,4.729964961953894154e-01,7.309298277884080930e-01,-4.864302799491918017e-01,4.753341767730374090e-01,7.316061519629274423e-01,-4.787308875233370342e-01,0.000000000000000000e+00,0.000000000000000000e+00,0.000000000000000000e+00,0.000000000000000000e+00,0.000000000000000000e+00,0.000000000000000000e+00,0.000000000000000000e+00,0.000000000000000000e+00,0.000000000000000000e+00
4.758635596164479398e-01,6.996752607920939671e-01,-5.257077569382342386e-01,4.802824380190514053e-01,7.168722643656577631e-01,-4.934979087530377839e-01,4.823897754295995988e-01,7.180597658652637660e-01,-4.857338874366368131e-01,0.000000000000000000e+00,0.000000000000000000e+00,0.000000000000000000e+00,0.000000000000000000e+00,0.000000000000000000e+00,0.000000000000000000e+00,0.000000000000000000e+00,0.000000000000000000e+00,0.000000000000000000e+00
4.830702202809750156e-01,6.871437677141327693e-01,-5.321762062891681744e-01,4.875683798427132842e-01,7.028147009429076553e-01,-5.005655375568835996e-01,4.894453740861618440e-01,7.045133797676003118e-01,-4.927368873499367030e-01,0.000000000000000000e+00,0.000000000000000000e+00,0.000000000000000000e+00,0.000000000000000000e+00,0.000000000000000000e+00,0.000000000000000000e+00,0.000000000000000000e+00,0.000000000000000000e+00,0.000000000000000000e+00
4.902768809455019250e-01,6.746122746361719047e-01,-5.386446556401017771e-01,4.948543216663751632e-01,6.887571375201577695e-01,-5.076331663607294153e-01,4.965009727427239228e-01,6.909669936699371906e-01,-4.997398872632364264e-01,0.000000000000000000e+00,0.000000000000000000e+00,0.000000000000000000e+00,0.000000000000000000e+00,0.000000000000000000e+00,0.000000000000000000e+00,0.000000000000000000e+00,0.000000000000000000e+00,0.000000000000000000e+00
4.974835416100290009e-01,6.620807815582108180e-01,-5.451131049910354909e-01,5.021402634900370421e-01,6.746995740974074396e-01,-5.147007951645754531e-01,5.035565713992861125e-01,6.774206075722735143e-01,-5.067428871765362608e-01,0.000000000000000000e+00,0.000000000000000000e+00,0.000000000000000000e+00,0.000000000000000000e+00,0.000000000000000000e+00,0.000000000000000000e+00,0.000000000000000000e+00,0.000000000000000000e+00,0.000000000000000000e+00
5.046902022745560767e-01,6.495492884802496203e-01,-5.515815543419693157e-01,5.094262053136990875e-01,6.606420106746573317e-01,-5.217684239684213798e-01,5.106121700558483578e-01,6.638742214746099490e-01,-5.137458870898361507e-01,0.000000000000000000e+00,0.000000000000000000e+00,0.000000000000000000e+00,0.000000000000000000e+00,0.000000000000000000e+00,0.000000000000000000e+00,0.000000000000000000e+00,0.000000000000000000e+00,0.000000000000000000e+00
5.118968629390832081e-01,6.370177954022885336e-01,-5.580500036929032515e-01,5.167121471373609110e-01,6.465844472519070019e-01,-5.288360527722673066e-01,5.177462446513034777e-01,6.500629070009877886e-01,-5.208260470919003904e-01,0.000000000000000000e+00,0.000000000000000000e+00,0.000000000000000000e+00,0.000000000000000000e+00,0.000000000000000000e+00,0.000000000000000000e+00,0.000000000000000000e+00,0.000000000000000000e+00,0.000000000000000000e+00
5.191035236036103395e-01,6.244863023243272249e-01,-5.645184530438369652e-01,5.239980889610228454e-01,6.325268838291566720e-01,-5.359036815761131223e-01,5.251157470634373325e-01,6.354568073994901756e-01,-5.281376873602580124e-01,0.000000000000000000e+00,0.000000000000000000e+00,0.000000000000000000e+00,0.000000000000000000e+00,0.000000000000000000e+00,0.000000000000000000e+00,0.000000000000000000e+00,0.000000000000000000e+00,0.000000000000000000e+00
5.263101842681373599e-01,6.119548092463662492e-01,-5.709869023947707900e-01,5.312840307846847798e-01,6.184693204064064531e-01,-5.429713103799591600e-01,5.324852494755711874e-01,6.208507077979925626e-01,-5.354493276286155234e-01,0.000000000000000000e+00,0.000000000000000000e+00,0.000000000000000000e+00,0.000000000000000000e+00,0.000000000000000000e+00,0.000000000000000000e+00,0.000000000000000000e+00,0.000000000000000000e+00,0.000000000000000000e+00
5.335168449326644913e-01,5.994233161684050515e-01,-5.774553517457046148e-01,5.385699726083467143e-01,6.044117569836562343e-01,-5.500389391838049757e-01,5.398547518877051532e-01,6.062446081964949496e-01,-5.427609678969731455e-01,0.000000000000000000e+00,0.000000000000000000e+00,0.000000000000000000e+00,0.000000000000000000e+00,0.000000000000000000e+00,0.000000000000000000e+00,0.000000000000000000e+00,0.000000000000000000e+00,0.000000000000000000e+00
5.407235055971915116e-01,5.868918230904439648e-01,-5.839238010966383285e-01,5.458559144320087597e-01,5.903541935609060154e-01,-5.571065679876510135e-01,5.472242542998388970e-01,5.916385085949973366e-01,-5.500726081653306565e-01,0.000000000000000000e+00,0.000000000000000000e+00,0.000000000000000000e+00,0.000000000000000000e+00,0.000000000000000000e+00,0.000000000000000000e+00,0.000000000000000000e+00,0.000000000000000000e+00,0.000000000000000000e+00
5.479301662617186430e-01,5.743603300124828781e-01,-5.903922504475722643e-01,5.531418562556706942e-01,5.762966301381557965e-01,-5.641741967914968292e-01,5.545937567119728628e-01,5.770324089934997236e-01,-5.573842484336882785e-01,0.000000000000000000e+00,0.000000000000000000e+00,0.000000000000000000e+00,0.000000000000000000e+00,0.000000000000000000e+00,0.000000000000000000e+00,0.000000000000000000e+00,0.000000000000000000e+00,0.000000000000000000e+00
5.551368269262456634e-01,5.618288369345216804e-01,-5.968606997985059781e-01,5.604277980793326286e-01,5.622390667154055777e-01,-5.712418255953428670e-01,5.619632591241068287e-01,5.624263093920021106e-01,-5.646958887020459006e-01,0.000000000000000000e+00,0.000000000000000000e+00,0.000000000000000000e+00,0.000000000000000000e+00,0.000000000000000000e+00,0.000000000000000000e+00,0.000000000000000000e+00,0.000000000000000000e+00,0.000000000000000000e+00
5.635974350112959996e-01,5.471241940976624418e-01,-6.043633638212128067e-01,5.683412447059423833e-01,5.469712479576833708e-01,-5.789061348427227971e-01,5.696456533866625094e-01,5.472001239396814265e-01,-5.723164299378719067e-01,0.000000000000000000e+00,0.000000000000000000e+00,0.000000000000000000e+00,0.000000000000000000e+00,0.000000000000000000e+00,0.000000000000000000e+00,0.000000000000000000e+00,0.000000000000000000e+00,0.000000000000000000e+00
5.720580430963463359e-01,5.324195512608032033e-01,-6.118660278439195244e-01,5.762546913325522491e-01,5.317034291999611639e-01,-5.865704440901028383e-01,5.773280476492184121e-01,5.319739384873607424e-01,-5.799369711736980237e-01,0.000000000000000000e+00,0.000000000000000000e+00,0.000000000000000000e+00,0.000000000000000000e+00,0.000000000000000000e+00,0.000000000000000000e+00,0.000000000000000000e+00,0.000000000000000000e+00,0.000000000000000000e+00
5.805186511813967831e-01,5.177149084239440757e-01,-6.193686918666264640e-01,5.841681379591622258e-01,5.164356104422391791e-01,-5.942347533374829904e-01,5.850104419117743149e-01,5.167477530350401693e-01,-5.875575124095240298e-01,0.000000000000000000e+00,0.000000000000000000e+00,0.000000000000000000e+00,0.000000000000000000e+00,0.000000000000000000e+00,0.000000000000000000e+00,0.000000000000000000e+00,0.000000000000000000e+00,0.000000000000000000e+00
5.889792592664470083e-01,5.030102655870848372e-01,-6.268713558893332927e-01,5.920815845857720916e-01,5.011677916845169722e-01,-6.018990625848629206e-01,5.926928361743302176e-01,5.015215675827197073e-01,-5.951780536453502579e-01,0.000000000000000000e+00,0.000000000000000000e+00,0.000000000000000000e+00,0.000000000000000000e+00,0.000000000000000000e+00,0.000000000000000000e+00,0.000000000000000000e+00,0.000000000000000000e+00,0.000000000000000000e+00
5.974398673514973446e-01,4.883056227502257096e-01,-6.343740199120400103e-01,5.999950312123818463e-01,4.858999729267948209e-01,-6.095633718322428507e-01,6.003752304368858983e-01,4.862953821303990232e-01,-6.027985948811763750e-01,0.000000000000000000e+00,0.000000000000000000e+00,0.000000000000000000e+00,0.000000000000000000e+00,0.000000000000000000e+00,0.000000000000000000e+00,0.000000000000000000e+00,0.000000000000000000e+00,0.000000000000000000e+00
6.059004754365477918e-01,4.736009799133665821e-01,-6.418766839347469499e-01,6.079084778389918231e-01,4.706321541690726695e-01,-6.172276810796228919e-01,6.080576246994419121e-01,4.710691966780785056e-01,-6.104191361170026031e-01,0.000000000000000000e+00,0.000000000000000000e+00,0.000000000000000000e+00,0.000000000000000000e+00,0.000000000000000000e+00,0.000000000000000000e+00,0.000000000000000000e+00,0.000000000000000000e+00,0.000000000000000000e+00
6.143610835215980170e-01,4.588963370765073435e-01,-6.493793479574536676e-01,6.158219244656016889e-01,4.553643354113505737e-01,-6.248919903270029330e-01,6.159737422097433246e-01,4.557516277158286111e-01,-6.182716392274865136e-01,0.000000000000000000e+00,0.000000000000000000e+00,0.000000000000000000e+00,0.000000000000000000e+00,0.000000000000000000e+00,0.000000000000000000e+00,0.000000000000000000e+00,0.000000000000000000e+00,0.000000000000000000e+00
6.228216916066483533e-01,4.441916942396482160e-01,-6.568820119801604962e-01,6.237353710922115546e-01,4.400965166536284778e-01,-6.325562995743830852e-01,6.239677674692934994e-01,4.404035975836022576e-01,-6.262014629628567253e-01,0.000000000000000000e+00,0.000000000000000000e+00,0.000000000000000000e+00,0.000000000000000000e+00,0.000000000000000000e+00,0.000000000000000000e+00,0.000000000000000000e+00,0.000000000000000000e+00,0.000000000000000000e+00
6.312822996916988005e-01,4.294870514027891439e-01,-6.643846760028674359e-01,6.316488177188214204e-01,4.248286978959062710e-01,-6.402206088217630153e-01,6.319617927288435633e-01,4.250555674513758486e-01,-6.341312866982267149e-01,0.000000000000000000e+00,0.000000000000000000e+00,0.000000000000000000e+00,0.000000000000000000e+00,0.000000000000000000e+00,0.000000000000000000e+00,0.000000000000000000e+00,0.000000000000000000e+00,0.000000000000000000e+00
6.397429077767490258e-01,4.147824085659298499e-01,-6.718873400255741535e-01,6.395622643454312861e-01,4.095608791381841751e-01,-6.478849180691431675e-01,6.399558179883937381e-01,4.097075373191495506e-01,-6.420611104335969266e-01,0.000000000000000000e+00,0.000000000000000000e+00,0.000000000000000000e+00,0.000000000000000000e+00,0.000000000000000000e+00,0.000000000000000000e+00,0.000000000000000000e+00,0.000000000000000000e+00,0.000000000000000000e+00
6.482035158617993620e-01,4.000777657290707223e-01,-6.793900040482809821e-01,6.474757109720411519e-01,3.942930603804620793e-01,-6.555492273165230976e-01,6.479498432479440240e-01,3.943595071869232527e-01,-6.499909341689670272e-01,0.000000000000000000e+00,0.000000000000000000e+00,0.000000000000000000e+00,0.000000000000000000e+00,0.000000000000000000e+00,0.000000000000000000e+00,0.000000000000000000e+00,0.000000000000000000e+00,0.000000000000000000e+00
6.566641239468498092e-01,3.853731228922114838e-01,-6.868926680709878108e-01,6.553891575986511286e-01,3.790252416227399834e-01,-6.632135365639032498e-01,6.559438685074940878e-01,3.790114770546968992e-01,-6.579207579043372389e-01,0.000000000000000000e+00,0.000000000000000000e+00,0.000000000000000000e+00,0.000000000000000000e+00,0.000000000000000000e+00,0.000000000000000000e+00,0.000000000000000000e+00,0.000000000000000000e+00,0.000000000000000000e+00
6.651247320319000345e-01,3.706684800553523562e-01,-6.943953320936946394e-01,6.636056656910850338e-01,3.642078423707909574e-01,-6.711791559820994291e-01,6.640929956736606465e-01,3.638808596359874303e-01,-6.660054098741068351e-01,0.000000000000000000e+00,0.000000000000000000e+00,0.000000000000000000e+00,0.000000000000000000e+00,0.000000000000000000e+00,0.000000000000000000e+00,0.000000000000000000e+00,0.000000000000000000e+00,0.000000000000000000e+00
6.735853401169504817e-01,3.559638372184931732e-01,-7.018979961164014680e-01,6.721252352493432003e-01,3.498408626246152786e-01,-6.794460855711121905e-01,6.723972247464433671e-01,3.489676549307947351e-01,-6.742448900782755938e-01,0.000000000000000000e+00,0.000000000000000000e+00,0.000000000000000000e+00,0.000000000000000000e+00,0.000000000000000000e+00,0.000000000000000000e+00,0.000000000000000000e+00,0.000000000000000000e+00,0.000000000000000000e+00
6.820459482020008180e-01,3.412591943816339901e-01,-7.094006601391082967e-01,6.806448048076012558e-01,3.354738828784394888e-01,-6.877130151601249519e-01,6.807014538192261988e-01,3.340544502256021508e-01,-6.824843702824445746e-01,0.000000000000000000e+00,0.000000000000000000e+00,0.000000000000000000e+00,0.000000000000000000e+00,0.000000000000000000e+00,0.000000000000000000e+00,0.000000000000000000e+00,0.000000000000000000e+00,0.000000000000000000e+00
6.905065562870511542e-01,3.265545515447748071e-01,-7.169033241618150143e-01,6.891643743658595334e-01,3.211069031322638656e-01,-6.959799447491377133e-01,6.890056828920090304e-01,3.191412455204095666e-01,-6.907238504866135553e-01,0.000000000000000000e+00,0.000000000000000000e+00,0.000000000000000000e+00,0.000000000000000000e+00,0.000000000000000000e+00,0.000000000000000000e+00,0.000000000000000000e+00,0.000000000000000000e+00,0.000000000000000000e+00
6.989671643721011574e-01,3.118499087079159571e-01,-7.244059881845217319e-01,6.976839439241173668e-01,3.067399233860884089e-01,-7.042468743381502527e-01,6.973099119647917510e-01,3.042280408152172599e-01,-6.989633306907823140e-01,0.000000000000000000e+00,0.000000000000000000e+00,0.000000000000000000e+00,0.000000000000000000e+00,0.000000000000000000e+00,0.000000000000000000e+00,0.000000000000000000e+00,0.000000000000000000e+00,0.000000000000000000e+00
7.074277724571516046e-01,2.971452658710568295e-01,-7.319086522072285605e-01,7.062035134823756444e-01,2.923729436399127857e-01,-7.125138039271630142e-01,7.056141410375744716e-01,2.893148361100246202e-01,-7.072028108949511838e-01,0.000000000000000000e+00,0.000000000000000000e+00,0.000000000000000000e+00,0.000000000000000000e+00,0.000000000000000000e+00,0.000000000000000000e+00,0.000000000000000000e+00,0.000000000000000000e+00,0.000000000000000000e+00
7.158883805422020519e-01,2.824406230341976465e-01,-7.394113162299353892e-01,7.147230830406336999e-01,2.780059638937369959e-01,-7.207807335161756646e-01,7.139954907650742921e-01,2.746641334151438962e-01,-7.155198240455340475e-01,0.000000000000000000e+00,0.000000000000000000e+00,0.000000000000000000e+00,0.000000000000000000e+00,0.000000000000000000e+00,0.000000000000000000e+00,0.000000000000000000e+00,0.000000000000000000e+00,0.000000000000000000e+00
7.243489886272522771e-01,2.677359801973384634e-01,-7.469139802526422178e-01,7.232426525988917554e-01,2.636389841475612617e-01,-7.290476631051883150e-01,7.226082024567250794e-01,2.608009367511989751e-01,-7.240694360353587822e-01,0.000000000000000000e+00,0.000000000000000000e+00,0.000000000000000000e+00,0.000000000000000000e+00,0.000000000000000000e+00,0.000000000000000000e+00,0.000000000000000000e+00,0.000000000000000000e+00,0.000000000000000000e+00
7.328095967123027243e-01,2.530313373604793359e-01,-7.544166442753490465e-01,7.317622221571500329e-01,2.492720044013855552e-01,-7.373145926942010764e-01,7.312209141483758668e-01,2.469377400872539985e-01,-7.326190480251835169e-01,0.000000000000000000e+00,0.000000000000000000e+00,0.000000000000000000e+00,0.000000000000000000e+00,0.000000000000000000e+00,0.000000000000000000e+00,0.000000000000000000e+00,0.000000000000000000e+00,0.000000000000000000e+00
7.412702047973529496e-01,2.383266945236200973e-01,-7.619193082980558751e-01,7.402817917154081995e-01,2.349050246552098764e-01,-7.455815222832138378e-01,7.398336258400267651e-01,2.330745434233091051e-01,-7.411686600150082516e-01,0.000000000000000000e+00,0.000000000000000000e+00,0.000000000000000000e+00,0.000000000000000000e+00,0.000000000000000000e+00,0.000000000000000000e+00,0.000000000000000000e+00,0.000000000000000000e+00,0.000000000000000000e+00
7.497308128824033968e-01,2.236220516867609420e-01,-7.694219723207627037e-01,7.488013612736663660e-01,2.205380449090341699e-01,-7.538484518722264882e-01,7.484463375316775524e-01,2.192113467593641563e-01,-7.497182720048329863e-01,0.000000000000000000e+00,0.000000000000000000e+00,0.000000000000000000e+00,0.000000000000000000e+00,0.000000000000000000e+00,0.000000000000000000e+00,0.000000000000000000e+00,0.000000000000000000e+00,0.000000000000000000e+00
7.581914209674537330e-01,2.089174088499017590e-01,-7.769246363434695324e-01,7.573209308319244215e-01,2.061710651628584356e-01,-7.621153814612392496e-01,7.570590492233283397e-01,2.053481500954192351e-01,-7.582678839946578320e-01,0.000000000000000000e+00,0.000000000000000000e+00,0.000000000000000000e+00,0.000000000000000000e+00,0.000000000000000000e+00,0.000000000000000000e+00,0.000000000000000000e+00,0.000000000000000000e+00,0.000000000000000000e+00
7.666520290525040693e-01,1.942127660130426037e-01,-7.844273003661763610e-01,7.658405003901825880e-01,1.918040854166827014e-01,-7.703823110502520111e-01,7.656717609149792381e-01,1.914849534314742863e-01,-7.668174959844825667e-01,0.000000000000000000e+00,0.000000000000000000e+00,0.000000000000000000e+00,0.000000000000000000e+00,0.000000000000000000e+00,0.000000000000000000e+00,0.000000000000000000e+00,0.000000000000000000e+00,0.000000000000000000e+00
7.759858684556072417e-01,1.866856903673566048e-01,-7.930501289167326551e-01,7.749372817155499860e-01,1.809134916758715905e-01,-7.792588278161840520e-01,7.745910182998856364e-01,1.793453554423371232e-01,-7.756776740440709528e-01,0.000000000000000000e+00,0.000000000000000000e+00,0.000000000000000000e+00,0.000000000000000000e+00,0.000000000000000000e+00,0.000000000000000000e+00,0.000000000000000000e+00,0.000000000000000000e+00,0.000000000000000000e+00
7.853197078587105251e-01,1.791586147216706615e-01,-8.016729574672890601e-01,7.840340630409174949e-01,1.700228979350604519e-01,-7.881353445821159820e-01,7.835102756847921457e-01,1.672057574532000435e-01,-7.845378521036594499e-01,0.000000000000000000e+00,0.000000000000000000e+00,0.000000000000000000e+00,0.000000000000000000e+00,0.000000000000000000e+00,0.000000000000000000e+00,0.000000000000000000e+00,0.000000000000000000e+00,0.000000000000000000e+00
7.946535472618139195e-01,1.716315390759847459e-01,-8.102957860178455762e-01,7.931308443662851149e-01,1.591323041942493688e-01,-7.970118613480482450e-01,7.924295330696986550e-01,1.550661594640629359e-01,-7.933980301632479470e-01,0.000000000000000000e+00,0.000000000000000000e+00,0.000000000000000000e+00,0.000000000000000000e+00,0.000000000000000000e+00,0.000000000000000000e+00,0.000000000000000000e+00,0.000000000000000000e+00,0.000000000000000000e+00
8.039873866649172029e-01,1.641044634302987471e-01,-8.189186145684017593e-01,8.022276256916526238e-01,1.482417104534382302e-01,-8.058883781139802860e-01,8.013487904546051643e-01,1.429265614749258284e-01,-8.022582082228365552e-01,0.000000000000000000e+00,0.000000000000000000e+00,0.000000000000000000e+00,0.000000000000000000e+00,0.000000000000000000e+00,0.000000000000000000e+00,0.000000000000000000e+00,0.000000000000000000e+00,0.000000000000000000e+00
8.133212260680203753e-01,1.565773877846128037e-01,-8.275414431189582753e-01,8.113244070170200217e-01,1.373511167126271193e-01,-8.147648948799123270e-01,8.102680478395116737e-01,1.307869634857886931e-01,-8.111183862824250523e-01,0.000000000000000000e+00,0.000000000000000000e+00,0.000000000000000000e+00,0.000000000000000000e+00,0.000000000000000000e+00,0.000000000000000000e+00,0.000000000000000000e+00,0.000000000000000000e+00,0.000000000000000000e+00
8.226550654711237698e-01,1.490503121389268881e-01,-8.361642716695147914e-01,8.204211883423877527e-01,1.264605229718160362e-01,-8.236414116458444790e-01,8.191873052244181830e-01,1.186473654966515995e-01,-8.199785643420136605e-01,0.000000000000000000e+00,0.000000000000000000e+00,0.000000000000000000e+00,0.000000000000000000e+00,0.000000000000000000e+00,0.000000000000000000e+00,0.000000000000000000e+00,0.000000000000000000e+00,0.000000000000000000e+00
8.319889048742269422e-01,1.415232364932409170e-01,-8.447871002200709745e-01,8.295179696677552617e-01,1.155699292310049392e-01,-8.325179284117765199e-01,8.283347575006314578e-01,1.083494283749150827e-01,-8.290720372798585647e-01,0.000000000000000000e+00,0.000000000000000000e+00,0.000000000000000000e+00,0.000000000000000000e+00,0.000000000000000000e+00,0.000000000000000000e+00,0.000000000000000000e+00,0.000000000000000000e+00,0.000000000000000000e+00
8.413227442773302256e-01,1.339961608475549737e-01,-8.534099287706273795e-01,8.386147509931227706e-01,1.046793354901938283e-01,-8.413944451777086719e-01,8.375582747406138395e-01,9.866537820897874900e-02,-8.382432751771224932e-01,0.000000000000000000e+00,0.000000000000000000e+00,0.000000000000000000e+00,0.000000000000000000e+00,0.000000000000000000e+00,0.000000000000000000e+00,0.000000000000000000e+00,0.000000000000000000e+00,0.000000000000000000e+00
8.506565836804336200e-01,1.264690852018690581e-01,-8.620327573211838956e-01,8.477115323184901685e-01,9.378874174938270358e-02,-8.502709619436407129e-01,8.467817919805959992e-01,8.898132804304240140e-02,-8.474145130743864218e-01,0.000000000000000000e+00,0.000000000000000000e+00,0.000000000000000000e+00,0.000000000000000000e+00,0.000000000000000000e+00,0.000000000000000000e+00,0.000000000000000000e+00,0.000000000000000000e+00,0.000000000000000000e+00
8.599904230835369034e-01,1.189420095561830731e-01,-8.706555858717401897e-01,8.568083136438577885e-01,8.289814800857160659e-02,-8.591474787095728649e-01,8.560053092205782699e-01,7.929727787710605380e-02,-8.565857509716503504e-01,0.000000000000000000e+00,0.000000000000000000e+00,0.000000000000000000e+00,0.000000000000000000e+00,0.000000000000000000e+00,0.000000000000000000e+00,0.000000000000000000e+00,0.000000000000000000e+00,0.000000000000000000e+00
8.693242624866401869e-01,1.114149339104971437e-01,-8.792784144222967058e-01,8.659050949692252974e-01,7.200755426776049573e-02,-8.680239954755050169e-01,8.652288264605606516e-01,6.961322771116973396e-02,-8.657569888689142790e-01,0.000000000000000000e+00,0.000000000000000000e+00,0.000000000000000000e+00,0.000000000000000000e+00,0.000000000000000000e+00,0.000000000000000000e+00,0.000000000000000000e+00,0.000000000000000000e+00,0.000000000000000000e+00
8.786581018897433593e-01,1.038878582648111726e-01,-8.879012429728529998e-01,8.750018762945929174e-01,6.111696052694939874e-02,-8.769005122414370579e-01,8.744523437005429223e-01,5.992917754523340024e-02,-8.749282267661782075e-01,0.000000000000000000e+00,0.000000000000000000e+00,0.000000000000000000e+00,0.000000000000000000e+00,0.000000000000000000e+00,0.000000000000000000e+00,0.000000000000000000e+00,0.000000000000000000e+00,0.000000000000000000e+00
8.879919412928467537e-01,9.636078261912524312e-02,-8.965240715234094049e-01,8.843681468281225921e-01,5.348261793356628296e-02,-8.860851103485639646e-01,8.838267083667266100e-01,5.186802824344168006e-02,-8.842551886600462652e-01,0.000000000000000000e+00,0.000000000000000000e+00,0.000000000000000000e+00,0.000000000000000000e+00,0.000000000000000000e+00,0.000000000000000000e+00,0.000000000000000000e+00,0.000000000000000000e+00,0.000000000000000000e+00
8.973257806959500371e-01,8.883370697343929978e-02,-9.051469000739658100e-01,8.940039065698145437e-01,4.910452648761103739e-02,-8.955777897968857371e-01,8.933519204591117147e-01,4.542977980579450403e-02,-8.937378745505184519e-01,0.000000000000000000e+00,0.000000000000000000e+00,0.000000000000000000e+00,0.000000000000000000e+00,0.000000000000000000e+00,0.000000000000000000e+00,0.000000000000000000e+00,0.000000000000000000e+00,0.000000000000000000e+00
9.066596200990533205e-01,8.130663132775337032e-02,-9.137697286245223260e-01,9.036396663115064953e-01,4.472643504165579875e-02,-9.050704692452077316e-01,9.028771325514970414e-01,3.899153136814733495e-02,-9.032205604409908606e-01,0.000000000000000000e+00,0.000000000000000000e+00,0.000000000000000000e+00,0.000000000000000000e+00,0.000000000000000000e+00,0.000000000000000000e+00,0.000000000000000000e+00,0.000000000000000000e+00,0.000000000000000000e+00
9.159934595021566039e-01,7.377955568206739922e-02,-9.223925571750786201e-01,9.132754260531985580e-01,4.034834359570056705e-02,-9.145631486935297261e-01,9.124023446438822571e-01,3.255328293050016586e-02,-9.127032463314630473e-01,0.000000000000000000e+00,0.000000000000000000e+00,0.000000000000000000e+00,0.000000000000000000e+00,0.000000000000000000e+00,0.000000000000000000e+00,0.000000000000000000e+00,0.000000000000000000e+00,0.000000000000000000e+00
9.253272989052596653e-01,6.625248003638162242e-02,-9.310153857256348031e-01,9.229111857948902875e-01,3.597025214974541862e-02,-9.240558281418511655e-01,9.219275567362671397e-01,2.611503449285313555e-02,-9.221859322219351229e-01,0.000000000000000000e+00,0.000000000000000000e+00,0.000000000000000000e+00,0.000000000000000000e+00,0.000000000000000000e+00,0.000000000000000000e+00,0.000000000000000000e+00,0.000000000000000000e+00,0.000000000000000000e+00
9.346611383083629487e-01,5.872540439069567214e-02,-9.396382142761912082e-01,9.325469455365824611e-01,3.159216070379018693e-02,-9.335485075901732710e-01,9.314527688286522444e-01,1.967678605520596646e-02,-9.316686181124074206e-01,0.000000000000000000e+00,0.000000000000000000e+00,0.000000000000000000e+00,0.000000000000000000e+00,0.000000000000000000e+00,0.000000000000000000e+00,0.000000000000000000e+00,0.000000000000000000e+00,0.000000000000000000e+00
9.439949777114662322e-01,5.119832874500972880e-02,-9.482610428267476133e-01,9.421827052782743017e-01,2.721406925783494482e-02,-9.430411870384949324e-01,9.410526593175185806e-01,1.426207531415166901e-02,-9.412292557645461910e-01,0.000000000000000000e+00,0.000000000000000000e+00,0.000000000000000000e+00,0.000000000000000000e+00,0.000000000000000000e+00,0.000000000000000000e+00,0.000000000000000000e+00,0.000000000000000000e+00,0.000000000000000000e+00
9.533288171145695156e-01,4.367125309932377158e-02,-9.568838713773040183e-01,9.518184650199662533e-01,2.283597781187969925e-02,-9.525338664868168159e-01,9.508765849958288330e-01,1.191797766287610964e-02,-9.510237487016851565e-01,0.000000000000000000e+00,0.000000000000000000e+00,0.000000000000000000e+00,0.000000000000000000e+00,0.000000000000000000e+00,0.000000000000000000e+00,0.000000000000000000e+00,0.000000000000000000e+00,0.000000000000000000e+00
9.626626565176729100e-01,3.614417745363784212e-02,-9.655066999278605344e-01,9.614542247616584270e-01,1.845788636592446408e-02,-9.620265459351388104e-01,9.607005106741390854e-01,9.573880011600552006e-03,-9.608182416388241220e-01,0.000000000000000000e+00,0.000000000000000000e+00,0.000000000000000000e+00,0.000000000000000000e+00,0.000000000000000000e+00,0.000000000000000000e+00,0.000000000000000000e+00,0.000000000000000000e+00,0.000000000000000000e+00
9.719964959207760824e-01,2.861710180795188144e-02,-9.741295284784167174e-01,9.710899845033502675e-01,1.407979491996922718e-02,-9.715192253834606939e-01,9.705244363524493378e-01,7.229782360324992635e-03,-9.706127345759631986e-01,0.000000000000000000e+00,0.000000000000000000e+00,0.000000000000000000e+00,0.000000000000000000e+00,0.000000000000000000e+00,0.000000000000000000e+00,0.000000000000000000e+00,0.000000000000000000e+00,0.000000000000000000e+00
9.813303353238794768e-01,2.109002616226594157e-02,-9.827523570289732335e-01,9.807257442450423301e-01,9.701703474013988540e-03,-9.810119048317825774e-01,9.803483620307595903e-01,4.885684709049434131e-03,-9.804072275131021641e-01,0.000000000000000000e+00,0.000000000000000000e+00,0.000000000000000000e+00,0.000000000000000000e+00,0.000000000000000000e+00,0.000000000000000000e+00,0.000000000000000000e+00,0.000000000000000000e+00,0.000000000000000000e+00
9.906641747269827603e-01,1.356295051657998435e-02,-9.913751855795296386e-01,9.903615039867342817e-01,5.323612028058749036e-03,-9.905045842801043499e-01,9.901722877090699537e-01,2.541587057773875627e-03,-9.902017204502411296e-01,0.000000000000000000e+00,0.000000000000000000e+00,0.000000000000000000e+00,0.000000000000000000e+00,0.000000000000000000e+00,0.000000000000000000e+00,0.000000000000000000e+00,0.000000000000000000e+00,0.000000000000000000e+00
9.999980141300860437e-01,6.035874870894053154e-03,-9.999980141300860437e-01,9.999972637284263444e-01,9.455205821035108336e-04,-9.999972637284263444e-01,9.999962133873800951e-01,1.974894064983163369e-04,-9.999962133873800951e-01,0.000000000000000000e+00,0.000000000000000000e+00,0.000000000000000000e+00,0.000000000000000000e+00,0.000000000000000000e+00,0.000000000000000000e+00,0.000000000000000000e+00,0.000000000000000000e+00,0.000000000000000000e+00
