0.000000000000000000e+00,0.000000000000000000e+00,0.000000000000000000e+00,0.000000000000000000e+00,0.000000000000000000e+00,0.000000000000000000e+00,0.000000000000000000e+00,0.000000000000000000e+00,0.000000000000000000e+00
5.151033584660192829e-04,7.730536535562736178e-03,-1.002187036951110877e-03,2.900088639099086363e-04,4.439387375997881635e-03,-4.042857536127953191e-04,1.517115116810648263e-04,2.362047669414916659e-03,-1.785270805132856207e-04
1.030206716932039867e-03,1.546107307112549317e-02,-2.004374073902224357e-03,5.800177278198172725e-04,8.878774751995763270e-03,-8.085715072255906383e-04,3.034230233621295985e-04,4.724095338829832451e-03,-3.570541610265711872e-04
1.545310075398059584e-03,2.319160960668823629e-02,-3.006561110853335668e-03,8.700265917297257462e-04,1.331816212799364144e-02,-1.212857260838385524e-03,4.551345350431944248e-04,7.086143008244748243e-03,-5.355812415398567266e-04
2.060413433864079734e-03,3.092214614225098634e-02,-4.008748147804448714e-03,1.160035455639634328e-03,1.775754950399152307e-02,-1.617143014451180843e-03,6.068460467242593054e-04,9.448190677659666636e-03,-7.141083220531424828e-04
2.575516792330099450e-03,3.865268267781372946e-02,-5.010935184755560025e-03,1.450044319549543019e-03,2.219693687998940471e-02,-2.021428768063976162e-03,7.585575584053242401e-04,1.181023834707458330e-02,-8.926354025664280222e-04
3.090620150796119167e-03,4.638321921337647258e-02,-6.013122221706671336e-03,1.740053183459451492e-03,2.663632425598728287e-02,-2.425714521676771047e-03,9.102690700863889581e-04,1.417228601648949822e-02,-1.071162483079713453e-03
3.605723509262139317e-03,5.411375574893922263e-02,-7.015309258657784382e-03,2.030062047369360183e-03,3.107571163198516798e-02,-2.830000275289566800e-03,1.294480801289905067e-03,1.959960371958986702e-02,-1.485198732116568181e-03
4.120826867728159468e-03,6.184429228450196575e-02,-8.017496295608895693e-03,2.320070911279269090e-03,3.551509900798305308e-02,-3.234286028902362553e-03,1.756192605667571387e-03,2.604867810058538596e-02,-1.977738037327945574e-03
4.635930226194178751e-03,6.957482882006470193e-02,-9.019683332560007871e-03,2.610079775189177130e-03,3.995448638398092778e-02,-3.638571782515157005e-03,2.217904410045237491e-03,3.249775248158090490e-02,-2.470277342539323184e-03
5.151033584660198901e-03,7.730536535562745892e-02,-1.002187036951112005e-02,2.900088639099086471e-03,4.439387375997881635e-02,-4.042857536127953191e-03,2.679616214422904461e-03,3.894682686257642384e-02,-2.962816647750701228e-03
5.666136943126219051e-03,8.503590189119020204e-02,-1.102405740646223223e-02,3.190097503008994945e-03,4.883326113597669799e-02,-4.447143289740747643e-03,3.141328018800570998e-03,4.539590124357194278e-02,-3.455355952962078404e-03
6.181240301592238334e-03,9.276643842675294516e-02,-1.202624444341334267e-02,3.480106366918903418e-03,5.327264851197457268e-02,-4.851429043353542962e-03,3.603039823178237535e-03,5.184497562456746866e-02,-3.947895258173456448e-03
6.696343660058258485e-03,1.004969749623156883e-01,-1.302843148036445658e-02,4.074123239969091280e-03,6.094630311798362315e-02,-5.573112040117858546e-03,4.219905973482561412e-03,5.991430057384222740e-02,-4.597332967115327906e-03
7.211447018524278635e-03,1.082275114978784453e-01,-1.403061851731556876e-02,4.972148122159569805e-03,7.185422495400395348e-02,-6.612192280033709138e-03,4.991926469713546533e-03,6.960387609139626064e-02,-5.403669079787697116e-03
7.726550376990299653e-03,1.159580480334412023e-01,-1.503280555426668094e-02,5.870173004350043994e-03,8.276214679002424912e-02,-7.651272519949556261e-03,5.763946965944528184e-03,7.929345160895026612e-02,-6.210005192460062856e-03
8.241653735456318935e-03,1.236885845690039454e-01,-1.603499259121779486e-02,6.768197886540519917e-03,9.367006862604457251e-02,-8.690352759865405119e-03,6.535967462175513304e-03,8.898302712650429935e-02,-7.016341305132432066e-03
8.756757093922339086e-03,1.314191211045666885e-01,-1.703717962816890877e-02,7.666222768730997575e-03,1.045779904620648959e-01,-9.729432999781253977e-03,7.307987958406496690e-03,9.867260264405833259e-02,-7.822677417804801275e-03
9.271860452388357501e-03,1.391496576401294039e-01,-1.803936666512001574e-02,8.564247650921471763e-03,1.154859122980851915e-01,-1.076851323969709937e-02,8.080008454637478341e-03,1.083621781616123381e-01,-8.629013530477167015e-03
9.786963810854379386e-03,1.468801941756921747e-01,-1.904155370207112966e-02,9.462272533111949421e-03,1.263938341341055427e-01,-1.180759347961295169e-02,8.929696475559259494e-03,1.186647027284333800e-01,-9.513729664856701226e-03
1.030206716932039954e-02,1.546107307112549456e-01,-2.004374073902224357e-02,1.036029741530242534e-02,1.373017559701258383e-01,-1.284667371952880055e-02,1.001238707055347212e-02,1.308060744430557809e-01,-1.063358586435776167e-02
1.081717052778641795e-02,1.623412672468176610e-01,-2.104592777597335401e-02,1.125832229749290127e-02,1.482096778061461340e-01,-1.388575395944464594e-02,1.109507766554767953e-02,1.429474461576781263e-01,-1.175344206385882037e-02
1.133227388625243810e-02,1.700718037823804318e-01,-2.204811481292446793e-02,1.215634717968337719e-02,1.591175996421664574e-01,-1.492483419936049653e-02,1.217776826054188868e-02,1.550888178723005273e-01,-1.287329826335988081e-02
1.184737724471845825e-02,1.778023403179431472e-01,-2.305030184987557490e-02,1.305437206187385311e-02,1.700255214781867530e-01,-1.596391443927634365e-02,1.326045885553609957e-02,1.672301895869229282e-01,-1.399315446286094125e-02
1.236248060318447840e-02,1.855328768535058903e-01,-2.405248888682668881e-02,1.395239694406432730e-02,1.809334433142070764e-01,-1.700299467919218904e-02,1.434314945053030872e-02,1.793715613015453014e-01,-1.511301066236199822e-02
1.287758396165049682e-02,1.932634133890686334e-01,-2.505467592377779926e-02,1.485042182625479976e-02,1.918413651502273443e-01,-1.804207491910803096e-02,1.542584004552452134e-02,1.915129330161677579e-01,-1.623286686186306213e-02
1.456174755602601678e-02,2.079685682813444125e-01,-2.733882902297463113e-02,1.636224248370750020e-02,2.062043987305015591e-01,-1.971143791726962316e-02,1.681959763073686415e-02,2.053754086218893549e-01,-1.766592256860349472e-02
1.624591115040153327e-02,2.226737231736201361e-01,-2.962298212217146301e-02,1.787406314116020412e-02,2.205674323107758017e-01,-2.138080091543121189e-02,1.821335521594921736e-02,2.192378842276110351e-01,-1.909897827534393772e-02
1.793007474477705324e-02,2.373788780658958875e-01,-3.190713522136829489e-02,1.938588379861290109e-02,2.349304658910499888e-01,-2.305016391359279715e-02,1.960711280116157057e-02,2.331003598333327431e-01,-2.053203398208437724e-02
1.961423833915256626e-02,2.520840329581716110e-01,-3.419128832056511635e-02,2.089770445606559113e-02,2.492934994713241204e-01,-2.471952691175437200e-02,2.100087038637391337e-02,2.469628354390543401e-01,-2.196508968882481677e-02
2.129840193352808622e-02,2.667891878504473624e-01,-3.647544141976194476e-02,2.240952511351829157e-02,2.636565330515983074e-01,-2.638888990991596073e-02,2.239462797158626658e-02,2.608253110447760759e-01,-2.339814539556525630e-02
2.298256552790360618e-02,2.814943427427231137e-01,-3.875959451895878705e-02,2.392134577097099202e-02,2.780195666318725500e-01,-2.805825290807754946e-02,2.378838555679861980e-02,2.746877866504978116e-01,-2.483120110230570277e-02
2.466672912227912615e-02,2.961994976349988651e-01,-4.104374761815561545e-02,2.543316642842369246e-02,2.923826002121467371e-01,-2.972761590623913125e-02,2.541575657539790062e-02,2.893366927392190258e-01,-2.649889412877858702e-02
2.635089271665464611e-02,3.109046525272746164e-01,-4.332790071735244386e-02,2.694498708587639291e-02,3.067456337924209242e-01,-3.139697890440071998e-02,2.712099873845949180e-02,3.042477423222735289e-01,-2.824479959516229197e-02
2.803505631103016607e-02,3.256098074195503678e-01,-4.561205381654927921e-02,2.845680774332909335e-02,3.211086673726951668e-01,-3.306634190256230177e-02,2.882624090152108645e-02,3.191587919053280320e-01,-2.999070506154599691e-02
2.971921990540568256e-02,3.403149623118261191e-01,-4.789620691574611455e-02,2.996862840078179380e-02,3.354717009529694094e-01,-3.473570490072389744e-02,3.053148306458268457e-02,3.340698414883825906e-01,-3.173661052792971227e-02
3.140338349978119559e-02,3.550201172041018705e-01,-5.018036001494293602e-02,3.148044905823448036e-02,3.498347345332434855e-01,-3.640506789888547229e-02,3.223672522764426535e-02,3.489808910714369827e-01,-3.348251599431339987e-02
3.308754709415671902e-02,3.697252720963775663e-01,-5.246451311413976443e-02,3.299226971568718081e-02,3.641977681135177281e-01,-3.807443089704706102e-02,3.394196739070586694e-02,3.638919406544914859e-01,-3.522842146069710828e-02
3.477171068853223551e-02,3.844304269886533731e-01,-5.474866621333659977e-02,3.481424393866495298e-02,3.790087619252234807e-01,-4.005618056306135127e-02,3.580316470401797430e-02,3.790201517470060955e-01,-3.713056858317474729e-02
3.645587428290775894e-02,3.991355818809291800e-01,-5.703281931253344206e-02,3.694637172716788015e-02,3.942677159683615207e-01,-4.235031689692846102e-02,3.782031716758059436e-02,3.943655243489808671e-01,-3.918895736174630995e-02
3.814003787728327544e-02,4.138407367732049313e-01,-5.931697241173027046e-02,3.907849951567080038e-02,4.095266700114993386e-01,-4.464445323079554301e-02,3.983746963114320749e-02,4.097108969509554721e-01,-4.124734614031785873e-02
3.982420147165880581e-02,4.285458916654807382e-01,-6.160112551092710581e-02,4.121062730417372061e-02,4.247856240546372675e-01,-4.693858956466263888e-02,4.185462209470582756e-02,4.250562695529302437e-01,-4.330573491888942139e-02
4.150836506603430842e-02,4.432510465577563785e-01,-6.388527861012392728e-02,4.334275509267662696e-02,4.400445780977750854e-01,-4.923272589852972086e-02,4.387177455826842681e-02,4.404016421549047933e-01,-4.536412369746097711e-02
4.319252866040982491e-02,4.579562014500320744e-01,-6.616943170932075569e-02,4.547488288117954025e-02,4.553035321409130143e-01,-5.152686223239681673e-02,4.588892702183105382e-02,4.557470147568796204e-01,-4.742251247603253977e-02
4.487669225478534835e-02,4.726613563423078812e-01,-6.845358480851758409e-02,4.760701066968246048e-02,4.705624861840509432e-01,-5.382099856626390566e-02,4.798416287414922904e-02,4.710619976035470557e-01,-4.955892893526960691e-02
4.656085584916087872e-02,4.873665112345837436e-01,-7.073773790771442638e-02,4.973913845818538071e-02,4.858214402271888721e-01,-5.611513490013100153e-02,5.031364889273421542e-02,4.862858111842935926e-01,-5.192942843650334012e-02
4.824501944353639521e-02,5.020716661268593839e-01,-7.302189100691125478e-02,5.187126624668829400e-02,5.010803942703268010e-01,-5.840927123399809046e-02,5.264313491131920875e-02,5.015096247650401295e-01,-5.429992793773706639e-02
4.992918303791191170e-02,5.167768210191351352e-01,-7.530604410610808319e-02,5.400339403519122811e-02,5.163393483134647299e-01,-6.070340756786518632e-02,5.497262092990419513e-02,5.167334383457865554e-01,-5.667042743897079959e-02
5.161334663228742820e-02,5.314819759114108866e-01,-7.759019720530491160e-02,5.613552182369413446e-02,5.315983023566025478e-01,-6.299754390173226137e-02,5.730210694848916764e-02,5.319572519265330923e-01,-5.904092694020451199e-02
5.329751022666293775e-02,5.461871308036866379e-01,-7.987435030450174001e-02,5.826764961219704775e-02,5.468572563997404767e-01,-6.529168023559936418e-02,5.963159296707416096e-02,5.471810655072796292e-01,-6.141142644143825213e-02
5.498167382103844036e-02,5.608922856959622782e-01,-8.215850340369854066e-02,6.039977740069996798e-02,5.621162104428782946e-01,-6.758581656946645311e-02,6.196107898565911265e-02,5.624048790880259441e-01,-6.378192594267195759e-02
5.792580509503685721e-02,5.734721280268341159e-01,-8.564673731286490121e-02,6.315870898752881657e-02,5.761729625912591635e-01,-7.049896214078138490e-02,6.460331074681315011e-02,5.770096880038531051e-01,-6.646416611050939838e-02
6.086993636903526017e-02,5.860519703577059536e-01,-8.913497122203122014e-02,6.591764057435764435e-02,5.902297147396399213e-01,-7.341210771209631669e-02,6.724554250796714594e-02,5.916144969196799330e-01,-6.914640627834678366e-02
6.381406764303365620e-02,5.986318126885777913e-01,-9.262320513119756682e-02,6.867657216118647212e-02,6.042864668880205681e-01,-7.632525328341122073e-02,6.988777426912115565e-02,6.062193058355068720e-01,-7.182864644618419669e-02
6.675819891703207998e-02,6.112116550194497400e-01,-9.611143904036389962e-02,7.143550374801529990e-02,6.183432190364012149e-01,-7.923839885472613864e-02,7.253000603027513760e-02,6.208241147513338110e-01,-7.451088661402160973e-02
6.970233019103047600e-02,6.237914973503215776e-01,-9.959967294953024630e-02,7.419443533484412767e-02,6.323999711847819727e-01,-8.215154442604107043e-02,7.517223779142914730e-02,6.354289236671607499e-01,-7.719312678185900889e-02
7.264646146502888591e-02,6.363713396811934153e-01,-1.030879068586965930e-01,7.695336692167296933e-02,6.464567233331627305e-01,-8.506468999735598835e-02,7.781446955258314313e-02,6.500337325829876889e-01,-7.987536694969640805e-02
7.559059273902729581e-02,6.489511820120652530e-01,-1.065761407678628980e-01,7.971229850850179710e-02,6.605134754815433773e-01,-8.797783556867090626e-02,8.069155689598292436e-02,6.638450657265032584e-01,-8.279114177613237924e-02
7.853472401302566408e-02,6.615310243429369796e-01,-1.100643746770292170e-01,8.247123009533059712e-02,6.745702276299240241e-01,-9.089098113998581030e-02,8.364692943346466181e-02,6.773919069459153341e-01,-8.578476148876790219e-02
8.147885528702408786e-02,6.741108666738088173e-01,-1.135526085861955498e-01,8.523016168215942490e-02,6.886269797783046709e-01,-9.380412671130071434e-02,8.660230197094645477e-02,6.909387481653275209e-01,-8.877838120140346678e-02
8.442298656102248389e-02,6.866907090046807660e-01,-1.170408424953618964e-01,8.798909326898826655e-02,7.026837319266854287e-01,-9.671727228261564613e-02,8.955767450842823385e-02,7.044855893847397077e-01,-9.177200091403904525e-02
8.736711783502089379e-02,6.992705513355526037e-01,-1.205290764045282292e-01,9.074802485581709433e-02,7.167404840750661865e-01,-9.963041785393056404e-02,9.251304704590999906e-02,7.180324306041518945e-01,-9.476562062667459596e-02
9.031124910901930369e-02,7.118503936664244414e-01,-1.240173103136945620e-01,9.350695644264592210e-02,7.307972362234469443e-01,-1.025435634252454820e-01,9.546841958339180589e-02,7.315792718235641923e-01,-9.775924033931017443e-02
9.325538038301769972e-02,7.244302359972962790e-01,-1.275055442228608948e-01,9.658231070336503743e-02,7.434361750485255493e-01,-1.057634316011489134e-01,9.858055024624061413e-02,7.444069002609917662e-01,-1.009083752826945568e-01
9.619951165701612350e-02,7.370100783281681167e-01,-1.309937781320272554e-01,9.997408763797455133e-02,7.546573005503030007e-01,-1.092900223816410665e-01,1.018494390344564793e-01,7.565153159164346164e-01,-1.042130254568277570e-01
9.914364293101451953e-02,7.495899206590400654e-01,-1.344820120411935882e-01,1.033658645725840930e-01,7.658784260520801190e-01,-1.128166131621331919e-01,1.051183278226723583e-01,7.686237315718775776e-01,-1.075176756309609849e-01
1.020877742050129433e-01,7.621697629899119031e-01,-1.379702459503599210e-01,1.067576415071936069e-01,7.770995515538574594e-01,-1.163432039426253034e-01,1.083872166108882373e-01,7.807321472273203167e-01,-1.108223258050941851e-01
1.050319054790113393e-01,7.747496053207837408e-01,-1.414584798595262538e-01,1.101494184418031486e-01,7.883206770556346887e-01,-1.198697947231174288e-01,1.116561053991041302e-01,7.928405628827632778e-01,-1.141269759792273991e-01
1.079760367530097492e-01,7.873294476516555784e-01,-1.449467137686925866e-01,1.135411953764126625e-01,7.995418025574119181e-01,-1.233963855036095542e-01,1.149249941873200093e-01,8.049489785382061280e-01,-1.174316261533606132e-01
1.109201680270081453e-01,7.999092899825274161e-01,-1.484349476778589194e-01,1.169329723110222041e-01,8.107629280591891474e-01,-1.269229762841016795e-01,1.182723518187505513e-01,8.166172977368831853e-01,-1.208139491764738949e-01
1.138642993010065829e-01,8.124891323133993648e-01,-1.519231815870252800e-01,1.203247492456317319e-01,8.219840535609663768e-01,-1.304495670645938188e-01,1.218551159798252626e-01,8.269653275652629754e-01,-1.244292907465274906e-01
1.168084305750049373e-01,8.250689746442710915e-01,-1.554114154961915573e-01,1.237165261802412181e-01,8.332051790627436061e-01,-1.339761578450859025e-01,1.254378801408999322e-01,8.373133573936428764e-01,-1.280446323165810585e-01
1.197525618490033333e-01,8.376488169751429291e-01,-1.588996494053578901e-01,1.271083031148507736e-01,8.444263045645208354e-01,-1.375027486255780418e-01,1.290206443019746296e-01,8.476613872220226664e-01,-1.316599738866346403e-01
1.226966931230017432e-01,8.502286593060147668e-01,-1.623878833145242506e-01,1.305000800494602875e-01,8.556474300662980648e-01,-1.410293394060701255e-01,1.326034084630493548e-01,8.580094170504026785e-01,-1.352753154566882499e-01
1.256408243970001670e-01,8.628085016368867155e-01,-1.658761172236906112e-01,1.338918569840698014e-01,8.668685555680754051e-01,-1.445559301865622648e-01,1.361861726241240522e-01,8.683574468787823575e-01,-1.388906570267418317e-01
1.285849556709985630e-01,8.753883439677583311e-01,-1.693643511328568885e-01,1.372836339186792876e-01,8.780896810698525234e-01,-1.480825209670543485e-01,1.397689367851987219e-01,8.787054767071622585e-01,-1.425059985967954135e-01
1.328776507870091383e-01,8.802956050357439999e-01,-1.739732607028666167e-01,1.413139279855602504e-01,8.853067246431449711e-01,-1.522171579127341579e-01,1.436659300451090804e-01,8.870296120404058682e-01,-1.464316930334978450e-01
1.371703459030198802e-01,8.852028661037296686e-01,-1.785821702728764837e-01,1.453442220524412964e-01,8.925237682164375297e-01,-1.563517948584141060e-01,1.475629233050195221e-01,8.953537473736496999e-01,-1.503573874702003876e-01
1.414630410190306220e-01,8.901101271717153374e-01,-1.831910798428863785e-01,1.493745161193223425e-01,8.997408117897299773e-01,-1.604864318040939986e-01,1.514599165649299084e-01,9.036778827068934206e-01,-1.542830819069029025e-01
1.457557361350413638e-01,8.950173882397010061e-01,-1.877999894128962732e-01,1.534048101862033331e-01,9.069578553630224249e-01,-1.646210687497738911e-01,1.553569098248403502e-01,9.120020180401371412e-01,-1.582087763436054173e-01
1.500484312510521057e-01,8.999246493076866749e-01,-1.924088989829061402e-01,1.574351042530843792e-01,9.141748989363148725e-01,-1.687557056954537837e-01,1.592539030847507919e-01,9.203261533733809729e-01,-1.621344707803079599e-01
1.543411263670628197e-01,9.048319103756725656e-01,-1.970178085529160628e-01,1.614653983199653975e-01,9.213919425096075422e-01,-1.728903426411336763e-01,1.631508963446612337e-01,9.286502887066248046e-01,-1.660601652170104747e-01
1.586338214830735616e-01,9.097391714436581234e-01,-2.016267181229259020e-01,1.654956923868464436e-01,9.286089860828999898e-01,-1.770249795868136244e-01,1.672838365804354965e-01,9.353026468214693523e-01,-1.702183574109676356e-01
1.629265165990843034e-01,9.146464325116439031e-01,-2.062356276929357968e-01,1.695259864537274341e-01,9.358260296561922154e-01,-1.811596165324934893e-01,1.714954258081645977e-01,9.413977458635145457e-01,-1.744540488573431691e-01
1.672192117150950175e-01,9.195536935796295719e-01,-2.108445372629456083e-01,1.735562805206084525e-01,9.430430732294847740e-01,-1.852942534781733541e-01,1.757070150358935878e-01,9.474928449055594060e-01,-1.786897403037186471e-01
1.715119068311057315e-01,9.244609546476151296e-01,-2.154534468329554753e-01,1.775865745874894430e-01,9.502601168027772216e-01,-1.894288904238532467e-01,1.799186042636226890e-01,9.535879439476044883e-01,-1.829254317500941807e-01
1.758046019471164734e-01,9.293682157156009094e-01,-2.200623564029653978e-01,1.816168686543704891e-01,9.574771603760696692e-01,-1.935635273695331393e-01,1.841301934913517624e-01,9.596830429896494596e-01,-1.871611231964697142e-01
1.800972970631272152e-01,9.342754767835865781e-01,-2.246712659729752648e-01,1.856471627212515074e-01,9.646942039493622278e-01,-1.976981643152130597e-01,1.883417827190808080e-01,9.657781420316945420e-01,-1.913968146428452199e-01
1.843899921791379293e-01,9.391827378515723579e-01,-2.292801755429851596e-01,1.899997484337484777e-01,9.695557268831686004e-01,-2.021338229935048247e-01,1.927108689355684634e-01,9.706852889594640432e-01,-1.957873075739887947e-01
1.886826872951486711e-01,9.440899989195581377e-01,-2.338890851129950266e-01,1.946746257918613165e-01,9.720617291774888979e-01,-2.068705034044084345e-01,1.972374521408146453e-01,9.744044837729580744e-01,-2.003326019899003829e-01
1.929753824111594407e-01,9.489972599875438064e-01,-2.384979946830049213e-01,1.993495031499741832e-01,9.745677314718093065e-01,-2.116071838153120444e-01,2.017640353460607994e-01,9.781236785864519945e-01,-2.048778964058119434e-01
1.972680775271701548e-01,9.539045210555294751e-01,-2.431069042530147883e-01,2.040243805080870498e-01,9.770737337661296040e-01,-2.163438642262156542e-01,2.062906185513069812e-01,9.818428733999460256e-01,-2.094231908217235039e-01
2.015607726431808688e-01,9.588117821235151439e-01,-2.477158138230246553e-01,2.086992578661999165e-01,9.795797360604499016e-01,-2.210805446371192362e-01,2.108172017565531076e-01,9.855620682134398347e-01,-2.139684852376350643e-01
2.058534677591916384e-01,9.637190431915009237e-01,-2.523247233930345779e-01,2.133741352243127831e-01,9.820857383547703101e-01,-2.258172250480228738e-01,2.153437849617992894e-01,9.892812630269338658e-01,-2.185137796535466248e-01
2.101461628752023802e-01,9.686263042594867034e-01,-2.569336329630444449e-01,2.180490125824256498e-01,9.845917406490904966e-01,-2.305539054589264558e-01,2.199492230861290476e-01,9.923843280546104095e-01,-2.231363650359647344e-01
2.144388579912130943e-01,9.735335653274723722e-01,-2.615425425330543119e-01,2.227238899405385442e-01,9.870977429434111272e-01,-2.352905858698301211e-01,2.247912259677101177e-01,9.936390037248347129e-01,-2.279908233179031574e-01
2.187315531072238084e-01,9.784408263954579299e-01,-2.661514521030641789e-01,2.273987672986513553e-01,9.896037452377313137e-01,-2.400272662807337032e-01,2.296332288492911322e-01,9.948936793950590163e-01,-2.328452815998414693e-01
2.230242482232345225e-01,9.833480874634437097e-01,-2.707603616730740459e-01,2.320736446567641942e-01,9.921097475320516113e-01,-2.447639466916372852e-01,2.344752317308722023e-01,9.961483550652834307e-01,-2.376997398817798923e-01
2.273169433392452921e-01,9.882553485314294894e-01,-2.753692712430839684e-01,2.367485220148770608e-01,9.946157498263719088e-01,-2.495006271025408950e-01,2.393172346124532446e-01,9.974030307355076230e-01,-2.425541981637182321e-01
2.316096384552560339e-01,9.931626095994152692e-01,-2.799781808130938354e-01,2.414233993729899275e-01,9.971217521206923173e-01,-2.542373075134445326e-01,2.441592374940343146e-01,9.986577064057320374e-01,-2.474086564456566273e-01
2.359023335712667480e-01,9.980698706674008269e-01,-2.845870903831037024e-01,2.460982767311027941e-01,9.996277544150126149e-01,-2.589739879243481147e-01,2.490012403756153292e-01,9.999123820759564518e-01,-2.522631147275949393e-01
2.416285516428696156e-01,9.933290261407308197e-01,-2.902222765105473279e-01,2.514240086643166339e-01,9.971762404921460377e-01,-2.643058157216752746e-01,2.541590685457315590e-01,9.986723162270569887e-01,-2.574262814235503960e-01
2.473547697144726221e-01,9.885881816140604794e-01,-2.958574626379912309e-01,2.567497405975304181e-01,9.947247265692795715e-01,-2.696376435190024345e-01,2.593168967158477889e-01,9.974322503781574145e-01,-2.625894481195059083e-01
2.530809877860756285e-01,9.838473370873901391e-01,-3.014926487654350229e-01,2.620754725307442579e-01,9.922732126464131053e-01,-2.749694713163295945e-01,2.644747248859640187e-01,9.961921845292579514e-01,-2.677526148154613650e-01
2.588072058576786350e-01,9.791064925607197988e-01,-3.071278348928787594e-01,2.674012044639580421e-01,9.898216987235464170e-01,-2.803012991136567544e-01,2.696325530560803596e-01,9.949521186803585993e-01,-2.729157815114169328e-01
2.645334239292816414e-01,9.743656480340497916e-01,-3.127630210203226069e-01,2.727269363971718263e-01,9.873701848006800619e-01,-2.856331269109839144e-01,2.747903812261965339e-01,9.937120528314590251e-01,-2.780789482073723895e-01
2.702596420008847034e-01,9.696248035073795624e-01,-3.183982071477664544e-01,2.780526683303856661e-01,9.849186708778134847e-01,-2.909649547083110743e-01,2.799482093963128193e-01,9.924719869825594509e-01,-2.832421149033279018e-01
2.759858600724877098e-01,9.648839589807092221e-01,-3.240333932752103019e-01,2.833784002635994503e-01,9.824671569549469075e-01,-2.962967825056381788e-01,2.853431315673294888e-01,9.893821977061502126e-01,-2.886365070490635176e-01
2.817120781440907162e-01,9.601431144540391038e-01,-3.296685794026541494e-01,2.887041321968132346e-01,9.800156430320803302e-01,-3.016286103029653387e-01,2.908170850719795641e-01,9.856758339539042346e-01,-2.941079743447259087e-01
2.874382962156937227e-01,9.554022699273687635e-01,-3.353037655300978859e-01,2.940298641300270743e-01,9.775641291092139751e-01,-3.069604381002924987e-01,2.962910385766297505e-01,9.819694702016585897e-01,-2.995794416403883553e-01
2.931645142872967291e-01,9.506614254006984233e-01,-3.409389516575417334e-01,2.993555960632408586e-01,9.751126151863473979e-01,-3.122922658976196586e-01,3.017649920812799369e-01,9.782631064494127227e-01,-3.050509089360506909e-01
2.988907323588997356e-01,9.459205808740283050e-01,-3.465741377849855809e-01,3.046813279964546983e-01,9.726611012634809317e-01,-3.176240936949468185e-01,3.072389455859300122e-01,9.745567426971668556e-01,-3.105223762317130820e-01
3.046169504305027420e-01,9.411797363473579647e-01,-3.522093239124293174e-01,3.100070599296684826e-01,9.702095873406143545e-01,-3.229559214922739785e-01,3.127128990905801986e-01,9.708503789449212107e-01,-3.159938435273754731e-01
3.103431685021057485e-01,9.364388918206877355e-01,-3.578445100398731649e-01,3.156597589809693183e-01,9.653912827600308333e-01,-3.285826189795859054e-01,3.183449734531855757e-01,9.659545382741412389e-01,-3.216193131321049559e-01
3.160693865737088104e-01,9.316980472940175062e-01,-3.634796961673170124e-01,3.216394251503574275e-01,9.582061875217305902e-01,-3.345041861568827657e-01,3.241351686737459770e-01,9.598692206848276065e-01,-3.273987850459013083e-01
3.217956046453118724e-01,9.269572027673473880e-01,-3.691148822947608599e-01,3.276190913197454257e-01,9.510210922834302361e-01,-3.404257533341795705e-01,3.299253638943064337e-01,9.537839030955140851e-01,-3.331782569596977162e-01
3.275218227169146568e-01,9.222163582406770477e-01,-3.747500684222044853e-01,3.335987574891333685e-01,9.438359970451302150e-01,-3.463473205114763198e-01,3.357155591148667795e-01,9.476985855062008968e-01,-3.389577288734939575e-01
3.332480407885177187e-01,9.174755137140068184e-01,-3.803852545496483328e-01,3.395784236585214222e-01,9.366509018068300829e-01,-3.522688876887730691e-01,3.415057543354272918e-01,9.416132679168873754e-01,-3.447372007872904209e-01
3.389742588601207252e-01,9.127346691873368112e-01,-3.860204406770921803e-01,3.455580898279093649e-01,9.294658065685297288e-01,-3.581904548660698739e-01,3.472959495559876930e-01,9.355279503275737429e-01,-3.505166727010867733e-01
3.447004769317237871e-01,9.079938246606664709e-01,-3.916556268045359723e-01,3.515377559972974741e-01,9.222807113302294857e-01,-3.641120220433667343e-01,3.531651801248633649e-01,9.288844696320555094e-01,-3.563731071146366558e-01
3.504266950033267936e-01,9.032529801339961306e-01,-3.972908129319798198e-01,3.575174221666855279e-01,9.150956160919292426e-01,-3.700335892206635946e-01,3.592715167386846820e-01,9.205664996179244719e-01,-3.624604290274469620e-01
3.561529130749298000e-01,8.985121356073257903e-01,-4.029259990594236118e-01,3.634970883360735816e-01,9.079105208536291105e-01,-3.759551563979603994e-01,3.653778533525059435e-01,9.122485296037934344e-01,-3.685477509402572682e-01
3.618791311465328064e-01,8.937712910806555611e-01,-4.085611851868674593e-01,3.694767545054616353e-01,9.007254256153287564e-01,-3.818767235752572597e-01,3.714841899663272051e-01,9.039305595896621748e-01,-3.746350728530675189e-01
3.676053492181358129e-01,8.890304465539854428e-01,-4.141963713143112513e-01,3.754564206748496336e-01,8.935403303770286243e-01,-3.877982907525541201e-01,3.775905265801485222e-01,8.956125895755311372e-01,-3.807223947658777696e-01
3.733315672897388748e-01,8.842896020273152136e-01,-4.198315574417550988e-01,3.814360868442376873e-01,8.863552351387282702e-01,-3.937198579298508694e-01,3.836968631939698393e-01,8.872946195614000997e-01,-3.868097166786881314e-01
3.790577853613416592e-01,8.795487575006449843e-01,-4.254667435691987243e-01,3.874157530136256855e-01,8.791701399004282491e-01,-3.996414251071476742e-01,3.898031998077909899e-01,8.789766495472689511e-01,-3.928970385914983821e-01
3.862125262376561174e-01,8.669501126322879392e-01,-4.320778434756430975e-01,3.940462264881985921e-01,8.679532079133865929e-01,-4.061512322589002077e-01,3.962253673461487713e-01,8.686311946252310845e-01,-3.992921914891848223e-01
3.933672671139707422e-01,8.543514677639305610e-01,-4.386889433820877482e-01,4.006766999627714432e-01,8.567362759263456029e-01,-4.126610394106526858e-01,4.026475348845064417e-01,8.582857397031927738e-01,-4.056873443868713736e-01
4.005220079902853669e-01,8.417528228955732938e-01,-4.453000432885323989e-01,4.073071734373443498e-01,8.455193439393047239e-01,-4.191708465624051083e-01,4.090697024228642231e-01,8.479402847811544630e-01,-4.120824972845579248e-01
4.076767488665999917e-01,8.291541780272160267e-01,-4.519111431949770497e-01,4.139376469119170898e-01,8.343024119522635118e-01,-4.256806537141574753e-01,4.154918699612220045e-01,8.375948298591162633e-01,-4.184776501822445871e-01
4.148314897429146164e-01,8.165555331588586485e-01,-4.585222431014216449e-01,4.205681203864899964e-01,8.230854799652225218e-01,-4.321904608659099534e-01,4.219140374995797860e-01,8.272493749370778415e-01,-4.248728030799310829e-01
4.219862306192292412e-01,8.039568882905012703e-01,-4.651333430078662401e-01,4.271985938610628475e-01,8.118685479781815317e-01,-4.387002680176623759e-01,4.283362050379375674e-01,8.169039200150396418e-01,-4.312679559776176896e-01
4.291409714955437549e-01,7.913582434221440032e-01,-4.717444429143107798e-01,4.338290673356356431e-01,8.006516159911405417e-01,-4.452100751694147984e-01,4.349948695629397566e-01,8.052357772080427356e-01,-4.378940539963908640e-01
4.362957123718584906e-01,7.787595985537867360e-01,-4.783555428207554305e-01,4.404595408102084386e-01,7.894346840040992186e-01,-4.517198823211671099e-01,4.417323664168234520e-01,7.931267384393921871e-01,-4.445971337221930053e-01
4.434504532481731154e-01,7.661609536854292468e-01,-4.849666427272000258e-01,4.470900142847812897e-01,7.782177520170583396e-01,-4.582296894729195880e-01,4.484698632707071475e-01,7.810176996707417496e-01,-4.513002134479952021e-01
4.506051941244876846e-01,7.535623088170717576e-01,-4.915777426336446210e-01,4.537204877593540853e-01,7.670008200300172385e-01,-4.647394966246720105e-01,4.552073601245909540e-01,7.689086609020913121e-01,-4.580032931737972879e-01
4.577599350008023649e-01,7.409636639487146015e-01,-4.981888425400892717e-01,4.603509612339269363e-01,7.557838880429762485e-01,-4.712493037764244330e-01,4.619448569784747050e-01,7.567996221334409856e-01,-4.647063728995995402e-01
4.649146758771169341e-01,7.283650190803572233e-01,-5.047999424465339224e-01,4.669814347084997874e-01,7.445669560559351474e-01,-4.777591109281769111e-01,4.686823538323584004e-01,7.446905833647904371e-01,-4.714094526254016815e-01
4.720694167534316144e-01,7.157663742119999561e-01,-5.114110423529785177e-01,4.739326792081991480e-01,7.319217404593910681e-01,-4.845641043567486816e-01,4.755771754561549658e-01,7.318610164658236883e-01,-4.782665910488053118e-01
4.792241576297461836e-01,7.031677293436425780e-01,-5.180221422594231129e-01,4.812046947330247959e-01,7.178482412533448986e-01,-4.916642840621397448e-01,4.826293218498640680e-01,7.183109214365412942e-01,-4.852777881698103202e-01
4.863788985060608638e-01,6.905690844752851998e-01,-5.246332421658677081e-01,4.884767102578504439e-01,7.037747420472985072e-01,-4.987644637675307524e-01,4.896814682435732813e-01,7.047608264072590112e-01,-4.922889852908153285e-01
4.935336393823753776e-01,6.779704396069281547e-01,-5.312443420723121923e-01,4.957487257826759253e-01,6.897012428412525598e-01,-5.058646434729217045e-01,4.967336146372823280e-01,6.912107313779770612e-01,-4.993001824118201704e-01
5.006883802586898913e-01,6.653717947385708875e-01,-5.378554419787567875e-01,5.030207413075016287e-01,6.756277436352063903e-01,-5.129648231783127121e-01,5.037857610309914858e-01,6.776606363486947782e-01,-5.063113795328252342e-01
5.078431211350046270e-01,6.527731498702133983e-01,-5.444665418852014938e-01,5.102927568323272212e-01,6.615542444291599988e-01,-5.200650028837037198e-01,5.108379074247005880e-01,6.641105413194122731e-01,-5.133225766538301871e-01
5.149978620113192518e-01,6.401745050018562422e-01,-5.510776417916460890e-01,5.175647723571529246e-01,6.474807452231137184e-01,-5.271651825890947274e-01,5.179685022638635949e-01,6.502954533442029117e-01,-5.204108707259931244e-01
5.221526028876338765e-01,6.275758601334988640e-01,-5.576887416980906842e-01,5.248367878819786281e-01,6.334072460170676599e-01,-5.342653622944858460e-01,5.253344424393878720e-01,6.356853865312140917e-01,-5.277304556516301259e-01
5.293073437639483902e-01,6.149772152651414858e-01,-5.642998416045352794e-01,5.321088034068043315e-01,6.193337468110213795e-01,-5.413655419998768537e-01,5.327003826149118160e-01,6.210753197182250496e-01,-5.350500405772667945e-01
5.364620846402631260e-01,6.023785703967842187e-01,-5.709109415109799857e-01,5.393808189316300350e-01,6.052602476049750990e-01,-5.484657217052679723e-01,5.400663227904358710e-01,6.064652529052361185e-01,-5.423696255029035740e-01
5.436168255165776397e-01,5.897799255284268405e-01,-5.775220414174244699e-01,5.466528344564557385e-01,5.911867483989288186e-01,-5.555659014106589799e-01,5.474322629659601480e-01,5.918551860922471874e-01,-5.496892104285404645e-01
5.507715663928923755e-01,5.771812806600693513e-01,-5.841331413238691761e-01,5.539248499812814419e-01,5.771132491928825381e-01,-5.626660811160500986e-01,5.547982031414843140e-01,5.772451192792582564e-01,-5.570087953541773551e-01
5.579263072692070002e-01,5.645826357917120841e-01,-5.907442412303137713e-01,5.611968655061070343e-01,5.630397499868362576e-01,-5.697662608214409952e-01,5.621641433170082580e-01,5.626350524662695474e-01,-5.643283802798140236e-01
5.663290406263870036e-01,5.497691687287815654e-01,-5.983750117983425154e-01,5.690954363616468337e-01,5.477529913171564901e-01,-5.774615357759241840e-01,5.698428386991044592e-01,5.474046104127151535e-01,-5.719566922906839102e-01
5.747317739835670070e-01,5.349557016658512687e-01,-6.060057823663712595e-01,5.769940072171871881e-01,5.324662326474759455e-01,-5.851568107304077060e-01,5.775215340812006604e-01,5.321741683591616479e-01,-5.795850043015539077e-01
5.831345073407468993e-01,5.201422346029209720e-01,-6.136365529344000036e-01,5.848925780727275425e-01,5.171794739777955119e-01,-5.928520856848911169e-01,5.852002294632967505e-01,5.169437263056080312e-01,-5.872133163124237942e-01
5.915372406979269027e-01,5.053287675399906753e-01,-6.212673235024286367e-01,5.927911489282677859e-01,5.018927153081149672e-01,-6.005473606393745278e-01,5.928789248453928407e-01,5.017132842520544145e-01,-5.948416283232935697e-01
5.999399740551069060e-01,4.905153004770604896e-01,-6.288980940704573808e-01,6.006897197838081404e-01,4.866059566384344226e-01,-6.082426355938579388e-01,6.005576202274889308e-01,4.864828421985007978e-01,-6.024699403341634563e-01
6.083427074122869094e-01,4.757018334141302485e-01,-6.365288646384862359e-01,6.085882906393482727e-01,4.713191979687538780e-01,-6.159379105483413497e-01,6.082363156095851320e-01,4.712524001449471811e-01,-6.100982523450332318e-01
6.167454407694668017e-01,4.608883663511998963e-01,-6.441596352065148690e-01,6.164868614948886272e-01,4.560324392990734443e-01,-6.236331855028247606e-01,6.161486516253830148e-01,4.559302313312872390e-01,-6.179584083207571021e-01
6.251481741266468051e-01,4.460748992882697106e-01,-6.517904057745436130e-01,6.243854323504288706e-01,4.407456806293928997e-01,-6.313284604573081715e-01,6.241388678524151246e-01,4.405774869309241337e-01,-6.258958456180993002e-01
6.335509074838266974e-01,4.312614322253393584e-01,-6.594211763425723571e-01,6.322840032059692250e-01,4.254589219597123551e-01,-6.390237354117916935e-01,6.321290840794473453e-01,4.252247425305609729e-01,-6.338332829154414982e-01
6.419536408410067008e-01,4.164479651624091172e-01,-6.670519469106011012e-01,6.401825740615093574e-01,4.101721632900318104e-01,-6.467190103662749934e-01,6.401193003064796772e-01,4.098719981301979232e-01,-6.417707202127836963e-01
6.503563741981867041e-01,4.016344980994788760e-01,-6.746827174786298453e-01,6.480811449170497118e-01,3.948854046203514323e-01,-6.544142853207585153e-01,6.481095165335120090e-01,3.945192537298348179e-01,-6.497081575101260054e-01
6.587591075553667075e-01,3.868210310365486904e-01,-6.823134880466585894e-01,6.559797157725900663e-01,3.795986459506708877e-01,-6.621095602752420373e-01,6.560997327605442297e-01,3.791665093294717126e-01,-6.576455948074680924e-01
6.671618409125465998e-01,3.720075639736182826e-01,-6.899442586146873335e-01,6.641809617606854177e-01,3.647593694615449689e-01,-6.701056453434567350e-01,6.642449858923326067e-01,3.640308688252483216e-01,-6.657378174356916034e-01
6.755645742697266032e-01,3.571940969106880970e-01,-6.975750291827160776e-01,6.726848828813357661e-01,3.503675751529743976e-01,-6.784025405254028307e-01,6.725452759288774729e-01,3.491123322171632570e-01,-6.739848253947966494e-01
6.839673076269066065e-01,3.423806298477578558e-01,-7.052057997507448217e-01,6.811888040019861146e-01,3.359757808444037153e-01,-6.866994357073487043e-01,6.808455659654227832e-01,3.341937956090782480e-01,-6.822318333539020285e-01
6.923700409840866099e-01,3.275671627848275591e-01,-7.128365703187735658e-01,6.896927251226364630e-01,3.215839865358331440e-01,-6.949963308892946889e-01,6.891458560019677604e-01,3.192752590009931835e-01,-6.904788413130071856e-01
7.007727743412663912e-01,3.127536957218975955e-01,-7.204673408868020879e-01,6.981966462432865894e-01,3.071921922272629057e-01,-7.032932260712405625e-01,6.974461460385127376e-01,3.043567223929084520e-01,-6.987258492721122316e-01
7.091755076984462836e-01,2.979402286589674098e-01,-7.280981114548307209e-01,7.067005673639368268e-01,2.928003979186922234e-01,-7.115901212531863251e-01,7.057464360750578258e-01,2.894381857848233874e-01,-7.069728572312173887e-01
7.175782410556262869e-01,2.831267615960371131e-01,-7.357288820228595760e-01,7.152044884845871753e-01,2.784086036101216521e-01,-7.198870164351325318e-01,7.141238248068043637e-01,2.747819249310231582e-01,-7.152973769490834632e-01
7.259809744128061793e-01,2.683132945331067609e-01,-7.433596525908882091e-01,7.237084096052375237e-01,2.640168093015511364e-01,-7.281839116170785164e-01,7.227325096241565827e-01,2.609124913400749368e-01,-7.238544319432331786e-01
7.343837077699861826e-01,2.534998274701765197e-01,-7.509904231589169532e-01,7.322123307258879832e-01,2.496250149929805651e-01,-7.364808067990245011e-01,7.313411944415089128e-01,2.470430577491267154e-01,-7.324114869373826719e-01
7.427864411271661860e-01,2.386863604072463341e-01,-7.586211937269458083e-01,7.407162518465382206e-01,2.352332206844098828e-01,-7.447777019809704857e-01,7.399498792588610208e-01,2.331736241581784386e-01,-7.409685419315321653e-01
7.511891744843461893e-01,2.238728933443160374e-01,-7.662519642949745524e-01,7.492201729671885690e-01,2.208414263758393115e-01,-7.530745971629164703e-01,7.485585640762133508e-01,2.193041905672301617e-01,-7.495255969256818807e-01
7.595919078415260817e-01,2.090594262813857684e-01,-7.738827348630031855e-01,7.577240940878389175e-01,2.064496320672687402e-01,-7.613714923448624550e-01,7.571672488935656808e-01,2.054347569762819681e-01,-7.580826519198315960e-01
7.679946411987060850e-01,1.942459592184555273e-01,-7.815135054310320406e-01,7.662280152084892659e-01,1.920578377586981134e-01,-7.696683875268083286e-01,7.657759337109178999e-01,1.915653233853336912e-01,-7.666397069139812004e-01
7.772748555507571488e-01,1.864761208497174305e-01,-7.902529652137900706e-01,7.753088385495132684e-01,1.811307564401201109e-01,-7.785741996118089592e-01,7.746910816954946100e-01,1.794181991502788454e-01,-7.755072928779115360e-01
7.865550699028087678e-01,1.787062824809791672e-01,-7.989924249965487668e-01,7.843896618905381590e-01,1.702036751215417199e-01,-7.874800116968101449e-01,7.836062296800716531e-01,1.672710749152234444e-01,-7.843748788418418716e-01
7.958352842548607198e-01,1.709364441122409872e-01,-8.077318847793074630e-01,7.934704852315627166e-01,1.592765938029633010e-01,-7.963858237818112196e-01,7.925213776646489183e-01,1.551239506801680990e-01,-7.932424648057726513e-01
8.051154986069124497e-01,1.631666057435027517e-01,-8.164713445620661592e-01,8.025513085725872742e-01,1.483495124843848822e-01,-8.052916358668122943e-01,8.014365256492260725e-01,1.429768264451127258e-01,-8.021100507697033200e-01
8.143957129589642907e-01,1.553967673747645439e-01,-8.252108043448249663e-01,8.116321319136118317e-01,1.374224311658064357e-01,-8.141974479518132579e-01,8.103516736338031157e-01,1.308297022100573526e-01,-8.109776367336338776e-01
8.236759273110159096e-01,1.476269290060263084e-01,-8.339502641275835515e-01,8.207129552546365003e-01,1.264953498472280169e-01,-8.231032600368143326e-01,8.192668216183802699e-01,1.186825779750019794e-01,-8.198452226975644352e-01
8.329561416630677506e-01,1.398570906372880451e-01,-8.426897239103423587e-01,8.297937785956610579e-01,1.155682685286495842e-01,-8.320090721218154073e-01,8.284101634017665416e-01,1.083757446992694301e-01,-8.289460498324860982e-01
8.422363560151194806e-01,1.320872522685498374e-01,-8.514291836931010549e-01,8.388746019366857265e-01,1.046411872100711793e-01,-8.409148842068163709e-01,8.376295697847563337e-01,9.868234174331062813e-02,-8.381246240244052403e-01
8.515165703671712105e-01,1.243174138998116157e-01,-8.601686434758598621e-01,8.479554252777103951e-01,9.371410589149276049e-02,-8.498206962918175567e-01,8.468489761677462369e-01,8.898893878735182617e-02,-8.473031982163243825e-01
8.607967847192229405e-01,1.165475755310733802e-01,-8.689081032586185582e-01,8.570362486187348416e-01,8.278702457291432781e-02,-8.587265083768185203e-01,8.560683825507359179e-01,7.929553583139301032e-02,-8.564817724082436357e-01
8.700769990712746704e-01,1.087777371623351447e-01,-8.776475630413771434e-01,8.661170719597595102e-01,7.185994325433592289e-02,-8.676323204618194840e-01,8.652877889337259321e-01,6.960213287543420835e-02,-8.656603466001627778e-01
8.793572134233265114e-01,1.010078987935969230e-01,-8.863870228241359506e-01,8.751978953007841788e-01,6.093286193575749715e-02,-8.765381325468207807e-01,8.745071953167156131e-01,5.990872991947540638e-02,-8.748389207920819199e-01
8.886374277753782414e-01,9.323806042485871526e-02,-8.951264826068947578e-01,8.845487746924437511e-01,5.325054842540969530e-02,-8.857513970457475683e-01,8.838774826137992813e-01,5.183692159160593893e-02,-8.841731794409972700e-01
8.979176421274301934e-01,8.546822205612047973e-02,-9.038659423896535650e-01,8.941697101347390042e-01,4.881300272329220508e-02,-8.952721139586007348e-01,8.933986508249762704e-01,4.538670789182614601e-02,-8.936631225469086059e-01
9.071978564794818123e-01,7.769838368738224421e-02,-9.126054021724121501e-01,9.037906455770341463e-01,4.437545702117472179e-02,-9.047928308714540124e-01,9.029198190361533705e-01,3.893649419204636003e-02,-9.031530656528199419e-01
9.164780708315334312e-01,6.992854531864402257e-02,-9.213448619551707353e-01,9.134115810193297325e-01,3.993791131905725933e-02,-9.143135477843074010e-01,9.124409872473305816e-01,3.248628049226657405e-02,-9.126430087587313889e-01
9.257582851835850501e-01,6.215870694990597439e-02,-9.300843217379294314e-01,9.230325164616246525e-01,3.550036561693988013e-02,-9.238342646971605676e-01,9.219621554585076817e-01,2.603606679248692685e-02,-9.221329518646427248e-01
9.350384995356368911e-01,5.438886858116773193e-02,-9.388237815206881276e-01,9.326534519039200166e-01,3.106281991482241420e-02,-9.333549816100139562e-01,9.314833236696846708e-01,1.958585309270714087e-02,-9.316228949705540607e-01
9.443187138876886211e-01,4.661903021242952416e-02,-9.475632413034468238e-01,9.422743873462153807e-01,2.662527421270494132e-02,-9.428756985228672338e-01,9.410792318349419094e-01,1.415826510515725070e-02,-9.411907382079850448e-01
9.535989282397403510e-01,3.884919184369129558e-02,-9.563027010862055199e-01,9.518953227885106338e-01,2.218772851058746845e-02,-9.523964154357205114e-01,9.508993598624391197e-01,1.179855425429771933e-02,-9.509922818399750843e-01
9.628791425917921920e-01,3.107935347495307740e-02,-9.650421608689643271e-01,9.615162582308058870e-01,1.775018280846998864e-02,-9.619171323485739000e-01,9.607194878899364410e-01,9.438843403438186216e-03,-9.607938254719652349e-01
9.721593569438438109e-01,2.330951510621484188e-02,-9.737816206517230233e-01,9.711371936731012511e-01,1.331263710635251576e-02,-9.714378492614272886e-01,9.705396159174334292e-01,7.079132552578651372e-03,-9.705953691039550524e-01
9.814395712958956519e-01,1.553967673747662197e-02,-9.825210804344817195e-01,9.807581291153966152e-01,8.875091404235042891e-03,-9.809585661742805662e-01,9.803597439449307505e-01,4.719421701719119129e-03,-9.803969127359450919e-01
9.907197856479473819e-01,7.769838368738391648e-03,-9.912605402172404157e-01,9.903790645576918683e-01,4.437545702117574355e-03,-9.904792830871338438e-01,9.901798719724279607e-01,2.359710850859586019e-03,-9.901984563679351314e-01
9.999999999999991118e-01,1.497359015686641511e-16,-9.999999999999991118e-01,9.999999999999873435e-01,9.445216494235314244e-17,-9.999999999999873435e-01,9.999999999999250599e-01,5.198676682424944525e-17,-9.999999999999250599e-01
